S.No,Name of the API,QTY (mg),Solubilizer,Solubilizer QTY,Polymer,Polymer QTY,Diluent,Diluent Qty,Binder,Binder Qty,Lubricant,Lubricant Qty,Glidant,Glidant Qty,Thickness,Thickness std dev,Hardness,Hardness Std dev,Friability,Friability std dev,Drug content,Drug content std dev,Dissolution Studies,Dissolution studies stdev,Dissolution Studies Time (Hrs)
1,1,200,,,1,50,1,200,1,25,1,5,1,20,3.23,0.035,3.53,0.115,0.31,,97.89,,96.34,0.94,12
2,1,200,,,1,100,1,150,1,25,1,5,1,20,3.26,0.01,3.6,0.2,0.48,,100.59,,100.34,0.44,16
3,1,200,,,1,150,1,100,1,25,1,5,1,20,3.25,0.005,3.46,0.115,0.64,,96.32,,99.61,0.32,20
4,1,200,,,1,200,1,50,1,25,1,5,1,20,3.27,0.006,3.4,0.2,0.71,,97.99,,100.19,0.43,24
5,1,200,,,2,50,1,200,1,25,1,5,1,20,3.28,0.008,3.26,0.115,0.33,,96.32,,95.58,0.32,12
6,1,200,,,2,100,1,150,1,25,1,5,1,20,3.25,0.012,3.33,0.12,0.47,,100.11,,100.38,0.54,16
7,1,200,,,2,150,1,100,1,25,1,5,1,20,3.24,0.007,3.33,0.115,0.63,,99.15,,99.81,0.04,20
8,1,200,,,2,200,1,50,1,25,1,5,1,20,3.27,0.007,3.4,0.2,0.68,,99.14,,99.8,0.05,24
9,1,200,,,1,100,1,50,1,25,1,5,1,20,3.23,0.004,3.5,0.115,0.65,,100.11,,99.04,0.55,24
10,1,200,,,2,100,1,50,1,25,1,5,1,20,3.23,0.004,3.5,0.115,0.65,,100.11,,99.04,0.55,24
11,2,18,1,,3,110,1,92,,,2,4.4,2,4.4,,,7.89,0.11,0.45,,,,26.35,2.94,24
12,2,18,1,,3,110,2,92,,,2,4.4,2,4.4,,,8.55,0.45,0.54,,,,21.65,1.26,24
13,2,18,1,11,3,110,1,81,,,2,4.4,2,4.4,,,7.58,0.42,0.6,,,,31.2,1.47,24
14,2,18,1,11,3,110,2,81,,,2,4.4,2,4.4,,,8.55,0.45,0.46,,,,22.42,0.54,24
15,2,8,1,11,3,11,1,181.2,,,2,4.4,2,4.4,,,8.33,0.67,0.54,,,,100,0,7
16,2,8,1,11,3,22,1,170.2,,,2,4.4,2,4.4,,,7.58,0.42,0.46,,,,100.1,0,14
17,2,8,1,11,3,55,1,141.2,,,2,4.4,2,4.4,,,8.55,0.45,0.54,,,,100.8,1.6,16
18,2,8,1,11,3,88,1,104.2,,,2,4.4,2,4.4,,,7.58,0.42,0.55,,,,37.23,1.8,24
19,2,8,,,4,8,3,101.6,,,,,2,2.4,3.22,0.054,6.6,0.46,0.34,0.05,98.74,0.85,98.19,0.49,12
20,2,8,,,4,16,3,93.6,,,,,2,2.4,3.16,0.051,6,0.11,0.76,0.05,98.29,1.17,93.53,1.21,12
21,2,8,,,4,24,3,85.6,,,,,2,2.4,3.25,0.043,6.1,0.1,0.7,0.11,97.28,1.55,83.02,1.47,12
22,2,8,,,3,8,3,101.6,,,,,2,2.4,3.08,0.03,6.2,0.11,0.6,0.08,96.37,1.86,90.78,0.71,12
23,2,8,,,3,16,3,93.6,,,,,2,2.4,3.1,0.019,6.2,0.11,0.62,0.1,98.97,0.89,83.89,0.74,12
24,2,8,,,3,24,3,85.6,,,,,2,2.4,3.15,0.023,6,0.06,0.78,0.13,96.16,2.19,80.1,1.21,12
25,2,8,,,5,8,3,101.6,,,,,2,2.4,3.04,0.032,6.3,0.1,0.53,0.05,99.31,0.68,83.53,0.73,12
26,2,8,,,5,16,3,93.6,,,,,2,2.4,3.27,0.043,6.5,0.06,0.44,0.08,94.24,0.89,76.64,1.21,12
27,2,8,,,5,24,3,85.6,,,,,2,2.4,3.53,0.174,6.5,0.06,0.46,0.12,98.52,1.03,71.83,0.73,12
28,3,80,,,6,100,,,1,5,1,3,1,2,3.9,0.09,7.3,0.04,0.61,0.007,98.25,0.044,99.07,0.12,12
29,3,80,,,6,100,,,1,5,1,3,1,2,4,0.02,7.8,0.03,0.52,0.005,100.31,0.037,99.71,0.42,18
30,3,80,,,7,5,,,1,5,1,3,1,2,4,0.02,7.8,0.03,0.52,0.005,100.31,0.037,99.71,0.42,18
31,3,80,,,6,100,,,1,5,1,3,1,2,4.2,0.01,8,0.07,0.58,0.031,98.54,0.07,98.54,0.43,20
32,3,80,,,7,10,,,1,5,1,3,1,2,4.2,0.01,8,0.07,0.58,0.031,98.54,0.07,98.54,0.43,20
33,3,80,,,6,100,,,1,5,1,3,1,2,3.9,0.07,6.5,0.04,0.72,0.016,99.67,0.087,99.54,0.11,24
34,3,80,,,7,15,,,1,5,1,3,1,2,3.9,0.07,6.5,0.04,0.72,0.016,99.67,0.087,99.54,0.11,24
35,3,80,,,6,100,,,1,5,1,3,1,2,4,0.04,6.8,0.08,0.665,0.09,99.37,0.058,99.77,0.11,18
36,3,80,,,8,5,,,1,5,1,3,1,2,4,0.04,6.8,0.08,0.665,0.09,99.37,0.058,99.77,0.11,18
37,3,80,,,6,100,,,1,5,1,3,1,2,3.8,0.09,7.1,0.03,0.714,0.01,98.97,0.073,99.99,0.61,20
38,3,80,,,8,10,,,1,5,1,3,1,2,3.8,0.09,7.1,0.03,0.714,0.01,98.97,0.073,99.99,0.61,20
39,3,80,,,6,100,,,1,5,1,3,1,2,4.1,0.01,6,0.05,0.447,0,101.61,0.08,98.78,0.48,24
40,3,80,,,8,15,,,1,5,1,3,1,2,4.1,0.01,6,0.05,0.447,0,101.61,0.08,98.78,0.48,24
41,4,50,,,4,50,3,1,1,5,1,2,,,3.59,0.13,4.5,0.18,0.43,0.12,97.23,1.21,97.55,1.25,8
42,4,50,,,4,100,3,1,1,5,1,2,,,3.64,0.15,4.6,0.21,0.34,0.14,98.55,1.05,98.63,1.14,7
43,4,50,,,3,50,3,1,1,5,1,2,,,3.59,0.14,4.5,0.32,0.49,0.09,98.16,0.98,98.43,1.35,10
44,4,50,,,3,100,3,1,1,5,1,2,,,3.58,0.21,4.6,0.25,0.47,0.22,99.34,0.92,97.7,1.29,8
45,4,50,,,5,50,3,1,1,5,1,2,,,3.59,0.25,4.3,0.15,0.49,0.12,98.16,1.09,96.12,0.69,6
46,4,50,,,5,100,3,1,1,5,1,2,,,3.64,0.52,4.7,0.19,0.34,0.16,98.55,1.03,97.99,1.12,9
47,4,50,,,9,50,3,1,1,5,1,2,,,3.59,0.28,4.5,0.21,0.49,0.19,98.16,1.11,95.57,1.28,7
48,4,50,,,9,100,3,1,1,5,1,2,,,3.56,0.32,4.6,0.18,0.34,0.28,99.25,2.12,94.66,1.15,7
49,4,50,,,10,50,3,1,1,5,1,2,,,3.56,0.29,4.5,0.24,0.34,0.26,99.25,1.76,96.99,0.29,8
50,4,50,,,10,100,3,1,1,5,1,2,,,3.55,0.21,4.4,0.26,0.43,0.37,98.6,1.68,89.54,1.45,10
51,4,50,,,11,50,3,1,1,5,1,2,,,3.45,0.32,4.8,0.32,0.54,0.31,98.7,1.45,82.55,0.78,10
52,4,50,,,11,100,3,1,1,5,1,2,,,3.54,0.25,4.5,0.23,0.43,0.46,98.5,1.26,91.25,1.14,10
53,5,12.5,,,12,50,3,35,,,2,1.25,2,1.25,3.4,,6.5,,0.52,,97,,76.44,,8
54,5,12.5,,,12,65,3,20,,,2,1.25,2,1.25,3.56,,6.4,,0.74,,101,,66.68,,8
55,5,12.5,,,12,75,3,10,,,2,1.25,2,1.25,3.6,,6.3,,0.46,,102,,54.4,,8
56,5,12.5,,,13,50,3,35,,,2,1.25,2,1.25,3.9,,6.2,,0.28,,95,,72.55,,8
57,5,12.5,,,13,65,3,20,,,2,1.25,2,1.25,3.8,,7,,0.19,,98,,60.41,,8
58,5,12.5,,,13,75,3,10,,,2,1.25,2,1.25,3.8,,6.9,,0.48,,102,,45.82,,8
59,5,12.5,,,14,50,3,35,,,2,1.25,2,1.25,3.62,,6.8,,0.67,,97,,69.42,,8
60,5,12.5,,,14,65,3,20,,,2,1.25,2,1.25,3.62,,7,,0.43,,103,,56.95,,8
61,5,12.5,,,14,75,3,10,,,2,1.25,2,1.25,3.62,,6.9,,0.22,,98,,39.66,,8
62,6,150,,,15,30,3,160,1,20,3,5,2,5,4.87,0.6,6.5,,0.52,0.76,99.3,0.59,101.58,0.74,16
63,6,150,,,4,30,3,160,1,20,3,5,2,5,4.87,0.6,6.5,,0.52,0.76,99.3,0.59,101.58,0.74,16
64,6,150,,,15,50,3,120,1,20,3,5,2,5,4.88,0.3,6.5,,0.47,0.48,99.5,0.16,100.26,0.64,20
65,6,150,,,4,50,3,120,1,20,3,5,2,5,4.88,0.3,6.5,,0.47,0.48,99.5,0.16,100.26,0.64,20
66,6,150,,,15,70,3,80,1,20,3,5,2,5,4.89,0.3,6.5,,0.39,0.39,99.8,1.05,100.12,0.6,24
67,6,150,,,4,70,3,80,1,20,3,5,2,5,4.89,0.3,6.5,,0.39,0.39,99.8,1.05,100.12,0.6,24
68,6,150,,,16,30,3,160,1,20,3,5,2,5,4.89,0.4,6.5,,0.46,0.61,100.4,0.15,99.62,0.63,12
69,6,150,,,2,30,3,160,1,20,3,5,2,5,4.89,0.4,6.5,,0.46,0.61,100.4,0.15,99.62,0.63,12
70,6,150,,,16,50,3,120,1,20,3,5,2,5,4.8,0.2,6.5,,0.34,0.52,101,0.6,100.12,0.24,16
71,6,150,,,2,50,3,120,1,20,3,5,2,5,4.8,0.2,6.5,,0.34,0.52,101,0.6,100.12,0.24,16
72,6,150,,,16,70,3,80,1,20,3,5,2,5,4.86,0.4,6.5,,0.25,0.43,99.4,0.84,95.98,1.14,16
73,6,150,,,2,70,3,80,1,20,3,5,2,5,4.86,0.4,6.5,,0.25,0.43,99.4,0.84,95.98,1.14,16
74,6,150,,,15,30,3,160,1,20,3,5,2,5,4.88,0.5,6.5,,0.66,0.82,98.4,0.42,98.54,0.28,16
75,6,150,,,3,30,3,160,1,20,3,5,2,5,4.88,0.5,6.5,,0.66,0.82,98.4,0.42,98.54,0.28,16
76,6,150,,,15,50,3,120,1,20,3,5,2,5,4.89,0.2,6.5,,0.38,0.18,99.7,0.68,99.24,0.15,24
77,6,150,,,3,50,3,120,1,20,3,5,2,5,4.89,0.2,6.5,,0.38,0.18,99.7,0.68,99.24,0.15,24
78,6,150,,,15,70,3,80,1,20,3,5,2,5,4.89,0.7,6.5,,0.23,0.11,96.2,0.88,78.53,0.21,24
79,6,150,,,3,70,3,80,1,20,3,5,2,5,4.89,0.7,6.5,,0.23,0.11,96.2,0.88,78.53,0.21,24
80,6,150,,,16,30,3,160,1,20,3,5,2,5,4.81,0.5,6.5,,0.56,0.92,100.1,0.24,100.12,0.56,12
81,6,150,,,17,30,3,160,1,20,3,5,2,5,4.81,0.5,6.5,,0.56,0.92,100.1,0.24,100.12,0.56,12
82,6,150,,,16,50,3,120,1,20,3,5,2,5,4.82,0.3,6.5,,0.4,0.75,99.6,0.13,99.06,0.65,16
83,6,150,,,17,50,3,120,1,20,3,5,2,5,4.82,0.3,6.5,,0.4,0.75,99.6,0.13,99.06,0.65,16
84,6,150,,,16,70,3,80,1,20,3,5,2,5,4.84,0.2,6.5,,0.28,0.38,100.6,0.26,99.96,0.42,20
85,6,150,,,17,70,3,80,1,20,3,5,2,5,4.84,0.2,6.5,,0.28,0.38,100.6,0.26,99.96,0.42,20
86,6,150,,,15,30,3,160,1,20,3,5,2,5,4.83,0.9,6.5,,0.69,0.82,99.8,0.17,100.06,0.52,12
87,6,150,,,2,30,3,160,1,20,3,5,2,5,4.83,0.9,6.5,,0.69,0.82,99.8,0.17,100.06,0.52,12
88,6,150,,,15,50,3,120,1,20,3,5,2,5,4.84,0.1,6.5,,0.41,0.96,100.1,0.15,99.32,0.29,16
89,6,150,,,2,50,3,120,1,20,3,5,2,5,4.84,0.1,6.5,,0.41,0.96,100.1,0.15,99.32,0.29,16
90,6,150,,,15,70,3,80,1,20,3,5,2,5,4.88,0.6,6.5,,0.24,0.35,101.2,0.11,99.89,0.85,20
91,6,150,,,2,70,3,80,1,20,3,5,2,5,4.88,0.6,6.5,,0.24,0.35,101.2,0.11,99.89,0.85,20
92,6,150,,,17,30,3,160,1,20,3,5,2,5,4.82,0.3,6.5,,0.52,0.88,100.3,0.04,95.29,0.48,12
93,6,150,,,2,30,3,120,1,20,3,5,2,5,4.82,0.3,6.5,,0.52,0.88,100.3,0.04,95.29,0.48,12
94,6,150,,,17,50,3,80,1,20,3,5,2,5,4.85,0.8,6.5,,0.27,0.59,99.9,0.1,96.21,0.88,16
95,6,150,,,2,50,3,160,1,20,3,5,2,5,4.85,0.8,6.5,,0.27,0.59,99.9,0.1,96.21,0.88,16
96,6,150,,,17,70,3,120,1,20,3,5,2,5,4.89,0.3,6.5,,0.51,0.35,99.6,0.54,98.78,0.29,20
97,6,150,,,2,70,3,80,1,20,3,5,2,5,4.89,0.3,6.5,,0.51,0.35,99.6,0.54,98.78,0.29,20
98,6,150,,,15,30,3,160,1,20,3,5,2,5,4.86,0.4,6.5,,0.46,0.91,100.5,0.3,99.18,0.34,12
99,6,150,,,16,30,3,160,1,20,3,5,2,5,4.86,0.4,6.5,,0.46,0.91,100.5,0.3,99.18,0.34,12
100,6,150,,,15,50,3,120,1,20,3,5,2,5,4.88,0.9,6.5,,0.59,0.85,99.8,0.16,100.05,0.25,16
101,6,150,,,16,50,3,120,1,20,3,5,2,5,4.88,0.9,6.5,,0.59,0.85,99.8,0.16,100.05,0.25,16
102,6,150,,,15,70,3,80,1,20,3,5,2,5,4.89,0.1,6.5,,0.52,0.46,100.2,0.08,99.67,0.39,20
103,6,150,,,16,70,3,80,1,20,3,5,2,5,4.89,0.1,6.5,,0.52,0.46,100.2,0.08,99.67,0.39,20
104,6,150,,,15,30,3,160,1,20,3,5,2,5,4.89,0.2,6.5,,0.27,0.68,98.5,0.12,98.54,0.28,16
105,6,150,,,17,30,3,160,1,20,3,5,2,5,4.89,0.2,6.5,,0.27,0.68,98.5,0.12,98.54,0.28,16
106,6,150,,,15,50,3,120,1,20,3,5,2,5,4.89,0.8,6.5,,0.18,0.43,100,0.17,99.86,0.17,20
107,6,150,,,17,50,3,120,1,20,3,5,2,5,4.89,0.8,6.5,,0.18,0.43,100,0.17,99.86,0.17,20
108,6,150,,,15,70,3,80,1,20,3,5,2,5,4.89,0.7,6.5,,0.13,0.29,99.2,0.13,94.72,0.19,24
109,6,150,,,17,70,3,80,1,20,3,5,2,5,4.89,0.7,6.5,,0.13,0.29,99.2,0.13,94.72,0.19,24
110,7,120,,,5,60,3,1,1,20,1,4,1,4,6.8,,4.05,,0.5,,99.76,,98.4,,3
111,7,120,,,5,120,3,1,1,20,1,4,1,4,6.9,,4.5,,0.51,,99.45,,99.4,,5
112,7,120,,,5,180,3,1,1,20,1,4,1,4,4.9,,4.4,,0.51,,99.34,,97.3,,8
113,7,120,,,2,60,3,1,1,20,1,4,1,4,6.9,,4.5,,0.55,,99.87,,97.1,,5
114,7,120,,,2,120,3,1,1,20,1,4,1,4,6.7,,4.4,,0.56,,99.14,,97.8,,8
115,7,120,,,2,180,3,1,1,20,1,4,1,4,6.5,,4.5,,0.45,,98.56,,96.1,,12
116,7,120,,,17,60,3,1,1,20,1,4,1,4,6.4,,4.1,,0.51,,98.42,,98.78,,10
117,7,120,,,17,120,3,1,1,20,1,4,1,4,6.7,,4.3,,0.49,,99.65,,96.56,,11
118,7,120,,,17,180,3,1,1,20,1,4,1,4,6.6,,4.5,,0.55,,99.12,,79.97,,12
119,8,200,,,4,25,1,205,1,50,1,10,1,10,3.83,0.06,9.42,0.08,0.24,0.03,,,93.31,,12
120,8,200,,,4,50,1,180,1,50,1,10,1,10,3.76,0.02,9.39,0.03,0.12,0.02,,,92.31,,12
121,8,200,,,4,75,1,155,1,50,1,10,1,10,3.71,0.02,9.21,0.01,0.19,0.03,,,90.35,,12
122,8,200,,,4,100,1,130,1,50,1,10,1,10,3.73,0.05,8.95,0.06,0.09,0.01,,,89.56,,12
123,8,200,,,5,25,1,205,1,50,1,10,1,10,3.83,0.05,7.99,0.08,0.04,0.01,,,96.07,,12
124,8,200,,,5,50,1,180,1,50,1,10,1,10,4.02,0.04,9.02,0.01,0.21,0.02,,,93.55,,12
125,8,200,,,5,75,1,155,1,50,1,10,1,10,3.7,0.05,8.95,0.01,0.16,0.03,,,87.44,,12
126,8,200,,,5,100,1,130,1,50,1,10,1,10,3.89,0.04,7.39,0.09,0.13,0.04,,,86.5,,12
127,8,200,,,7,25,1,205,1,50,1,10,1,10,3.82,0.02,9.59,0.01,0.07,0.04,,,95.97,,12
128,8,200,,,7,50,1,180,1,50,1,10,1,10,4.03,0.02,9.89,0.04,0.1,0.02,,,93.39,,12
129,8,200,,,7,75,1,155,1,50,1,10,1,10,3.73,0.03,7.38,0.05,0.09,0.02,,,89.8,,12
130,8,200,,,7,100,1,130,1,50,1,10,1,10,3.69,0.04,8.59,0.01,0.07,0.01,,,85.19,,12
131,8,200,,,18,25,1,205,1,50,1,10,1,10,4.07,0.05,9.79,0.02,0.22,0.01,,,96.44,,12
132,8,200,,,18,50,1,180,1,50,1,10,1,10,3.84,0.06,9.56,0.01,0.13,0.03,,,90.36,,12
133,8,200,,,18,75,1,155,1,50,1,10,1,10,3.8,0.05,9.99,0.02,0.09,0.02,,,89.74,,12
134,8,200,,,18,100,1,130,1,50,1,10,1,10,3.73,0.05,9.79,0.01,0.15,0.03,,,88.32,,12
135,9,50,,,19,35,1,188,,,1,3.5,1,3.5,2.44,,,,0.2,,,,83.21,,12
136,9,50,,,7,70,1,188,,,1,3.5,1,3.5,2.44,,,,0.2,,,,83.21,,12
137,9,50,,,19,55,1,188,,,1,3.5,1,3.5,2.46,,,,0.28,,,,89.57,,12
138,9,50,,,7,50,1,188,,,1,3.5,1,3.5,2.46,,,,0.28,,,,89.57,,12
139,9,50,,,19,75,1,188,,,1,3.5,1,3.5,2.51,,,,0.31,,,,79.26,,12
140,9,50,,,7,30,1,188,,,1,3.5,1,3.5,2.51,,,,0.31,,,,79.26,,12
141,9,50,,,7,25,1,233,,,1,3.5,1,3.5,2.52,,,,0.46,,,,83.5,,12
142,9,50,,,2,45,1,233,,,1,3.5,1,3.5,2.52,,,,0.46,,,,83.5,,12
143,9,50,,,7,30,1,233,,,1,3.5,1,3.5,2.56,,,,0.5,,,,57.85,,12
144,9,50,,,2,40,1,233,,,1,3.5,1,3.5,2.56,,,,0.5,,,,57.85,,12
145,10,120,,,3,50,4,145,,,1,3,1,2,4.82,0.34,5.4,0.418,0.59,,99.98,0.18,97,,12
146,10,120,,,3,100,4,95,,,1,3,1,2,4.91,0.23,4.7,0.273,0.68,,93.02,0.1,93,,12
147,10,120,,,3,150,4,45,,,1,3,1,2,4.84,0.1,5.7,0.346,0.58,,99.67,0.12,84,,12
148,10,120,,,17,50,4,145,,,1,3,1,2,4.88,0.1,5.2,0.188,0.59,,100.32,0.14,100,,12
149,10,120,,,17,100,4,95,,,1,3,1,2,4.84,0.1,5.4,0.394,0.58,,99.67,0.12,100,,12
150,10,120,,,17,150,4,45,,,1,3,1,2,4.91,0.23,5.8,0.263,0.68,,100.21,0.2,100,,12
151,10,120,,,2,50,4,145,,,1,3,1,2,4.82,0.34,5.3,0.329,0.59,,99.98,0.18,100,,12
152,10,120,,,2,100,4,95,,,1,3,1,2,4.91,0.23,5.6,0.152,0.68,,100.21,0.2,100,,12
153,10,120,,,2,150,4,45,,,1,3,1,2,4.84,0.1,5.6,0.245,0.58,,99.67,0.12,100,,12
154,11,150,,,4,45,5,52,,,1,2,1,6,,,,,,,,,89.95,,17
155,11,150,,,4,45,3,20,,,1,2,1,6,,,,,,,,,89.95,,17
156,11,150,,,4,52,5,45,,,1,2,1,6,,,,,,,,,88.19,,17
157,11,150,,,4,52,3,20,,,1,2,1,6,,,,,,,,,88.19,,17
158,11,150,,,4,60,5,37,,,1,2,1,6,,,,,,,,,87.12,,17
159,11,150,,,4,60,3,20,,,1,2,1,6,,,,,,,,,87.12,,17
160,11,150,,,5,45,5,52,,,1,2,1,6,,,,,,,,,86.67,,17
161,11,150,,,5,45,3,20,,,1,2,1,6,,,,,,,,,86.67,,17
162,11,150,,,5,52,5,45,,,1,2,1,6,,,,,,,,,85.14,,17
163,11,150,,,5,52,3,20,,,1,2,1,6,,,,,,,,,85.14,,17
164,11,150,,,5,60,5,37,,,1,2,1,6,,,,,,,,,84.92,,17
165,11,150,,,5,60,3,20,,,1,2,1,6,,,,,,,,,84.92,,17
166,11,150,,,4,22,5,52,,,1,2,1,6,,,,,,,,,83.71,,17
167,11,150,,,5,22.5,3,20,,,1,2,1,6,,,,,,,,,83.71,,17
168,11,150,,,4,26,5,45,,,1,2,1,6,,,,,,,,,82.24,,17
169,11,150,,,5,26,3,20,,,1,2,1,6,,,,,,,,,82.24,,17
170,12,15,,,4,10,1,73,,,2,1,2,1,3.17,,5.3,,0.105,,,,96.27,,7
171,12,15,,,4,15,1,68,,,2,1,2,1,3.19,,4.5,,0.203,,,,97.09,,12
172,12,15,,,3,10,1,73,,,2,1,2,1,3.12,,4.7,,0.161,,,,99.02,,12
173,12,15,,,4,10,1,62,,,2,1,2,1,3.16,,5.4,,0.147,,,,96.98,,7
174,12,15,,,3,10,1,62,,,2,1,2,1,3.16,,5.4,,0.147,,,,96.98,,7
175,12,15,,,4,15,1,58,,,2,1,2,1,3.23,,4.8,,0.231,,,,98.12,,12
176,12,15,,,3,10,1,58,,,2,1,2,1,3.23,,4.8,,0.231,,,,98.12,,12
177,12,15,,,4,18,1,55,,,2,1,2,1,3.05,,4.6,,0.271,,,,98.06,,12
178,12,15,,,3,10,1,55,,,2,1,2,1,3.05,,4.6,,0.271,,,,98.06,,12
179,12,15,,,4,16,1,52,,,2,1,2,1,3.19,,5.5,,0.102,,,,96.78,,16
180,12,15,,,3,15,1,52,,,2,1,2,1,3.19,,5.5,,0.102,,,,96.78,,16
181,12,15,,,4,20,1,43,,,2,1,2,1,3.17,,4.8,,0.158,,,,98.01,,16
182,12,15,,,3,20,1,43,,,2,1,2,1,317,,4.8,,0.158,,,,98.01,,16
183,12,15,,,4,20,1,38,,,2,1,2,1,3.09,,5.3,,0.168,,,,98.8,,24
184,12,15,,,3,25,1,38,,,2,1,2,1,3.09,,5.3,,0.168,,,,98.8,,24
185,13,500,2,60,20,52,6,47,,,,,2,1,5.21,0.01,8.9,0.6,0.0017,,100.6,0.59,97.3,,8
186,13,500,2,60,20,59,6,40,,,,,2,1,5.25,0.07,9.13,0.37,0.0015,,99.53,0.37,97,,8
187,13,500,2,60,20,66,6,33,,,,,2,1,5.29,0.1,8.82,0.08,0.0015,,97.8,0.42,96.9,,8
188,13,500,2,60,20,73,6,26,,,,,2,1,5.3,0.03,8.73,0.24,0.0014,,100.67,0.71,95.6,,8
189,13,500,2,60,20,80,6,19,,,,,2,1,5.24,0.06,9.29,0.14,0.001,,98.27,0.47,91.5,,8
190,13,500,2,60,20,87,6,12,,,,,2,1,5.22,0.11,9.01,0.33,0.001,,99,0.89,63.22,,8
191,13,500,2,60,20,94,6,5,,,,,2,1,5.25,0.1,8.69,0.52,0.0014,,98.42,0.784,59.4,,8
192,14,50,,,21,15,1,121,1,5,1,4,1,5,3.25,,4.8,,0.0056,,95.12,,93.14,,7
193,14,50,,,21,30,1,106,1,5,1,4,1,5,3.61,,3.9,,0.0086,,98.65,,95.37,,8
194,14,50,,,21,45,1,91,1,5,1,4,1,5,3.85,,3.8,,0.0076,,99.31,,94.76,,11
195,14,50,,,8,25,1,111,1,5,1,4,1,5,3.49,,4.1,,0.0082,,97.83,,95.15,,8
196,14,50,,,8,50,1,86,1,5,1,4,1,5,3.72,,3.5,,0.0056,,99.12,,97.12,,10
197,14,50,,,8,75,1,61,1,5,1,4,1,5,3.5,,4,,0.0049,,96.58,,99.34,,11
198,14,50,,,4,12.5,1,128.5,1,5,1,4,1,5,3.15,,3.7,,0.0059,,98.45,,98.51,,12
199,14,50,,,4,25,1,111,1,5,1,4,1,5,3.59,,3.1,,0.0068,,97.39,,85.45,,12
200,14,50,,,4,37.5,1,98.5,1,5,1,4,1,5,3.67,,3.6,,0.0072,,95.2,,72.65,,12
201,8,300,,,5,40,3,15,1,15,2,15,2,9,4.53,0.047,8.33,0.471,0.18,0.009,99.33,,98.92,0.415,9
202,8,300,,,5,40,1,206,1,15,2,15,2,9,4.53,0.047,8.33,0.471,0.18,0.009,99.33,,98.92,0.415,9
203,8,300,,,5,50,3,15,1,15,2,15,2,9,4.55,0.04,7.66,0.471,0.19,0.004,99.83,,99.85,1.364,10
204,8,300,,,5,50,1,196,1,15,2,15,2,9,4.55,0.04,7.66,0.471,0.19,0.004,99.83,,99.85,1.364,10
205,8,300,,,5,60,3,15,1,15,2,15,2,9,4.53,0.047,8.66,0.471,0.38,0.004,98.5,,97.49,1.203,12
206,8,300,,,5,60,1,186,1,15,2,15,2,9,4.53,0.047,8.66,0.471,0.38,0.004,98.5,,97.49,1.203,12
207,8,300,,,22,228,3,33,1,15,2,15,2,9,5.33,0.235,8.66,0.471,0.16,0.009,97.6,,99.19,1.878,6
208,8,300,,,22,240,3,21,1,15,2,15,2,9,5.33,0.235,8.33,0.942,0.16,0.009,101.7,,99.81,0.313,7
209,8,300,,,22,252,3,9,1,15,2,15,2,9,5.16,0.235,8.66,0.471,0.47,0.018,99.2,,95.92,1.886,9
210,8,300,,,23,168,3,93,1,15,2,15,2,9,5.33,0.235,8.33,0.471,0.63,0.641,99.13,,98.51,0.01,9
211,8,300,,,23,180,3,81,1,15,2,15,2,9,5.33,0.235,8.33,0.471,0.32,0.014,98,,99.39,1.278,10
212,8,300,,,23,192,3,69,1,15,2,15,2,9,5.55,0.235,8.66,0.471,0.31,0.041,97.4,,95.58,0.238,11
213,15,150,,,5,5,1,100,2,12,2,4,2,4,3.93,0.14,3.42,0.032,0.32,,97.07,0.02,93.25,0.02,24
214,15,150,,,17,5,3,90,2,12,2,4,2,4,3.93,0.14,3.42,0.032,0.32,,97.07,0.02,93.25,0.02,24
215,15,150,,,5,10,1,120,2,12,2,4,2,4,3.89,0.21,3.65,0.21,0.105,,98.7,0.007,98.44,0.03,24
216,15,150,,,17,10,3,90,2,12,1,4,2,4,3.89,0.21,3.65,0.21,0.105,,98.7,0.007,98.44,0.03,24
217,15,150,,,5,20,1,130,2,12,2,4,2,4,3.92,0.16,4.01,0.42,0.117,,97.7,0.008,97.5,0.13,20
218,15,150,,,17,20,3,90,2,12,2,4,2,4,3.92,0.16,4.01,0.42,0.117,,97.7,0.008,97.5,0.13,20
219,15,150,,,5,5,1,135,2,12,2,4,2,4,3.95,0.05,3.54,0.13,0.305,,98.15,0.028,88.51,0.13,24
220,15,150,,,5,5,3,90,2,12,2,4,2,4,3.95,0.05,3.54,0.13,0.305,,98.15,0.028,88.51,0.13,24
221,15,150,,,5,10,1,130,2,12,2,4,2,4,3.9,0.02,3.97,0.14,0.104,,98.67,0.32,85.71,0.18,24
222,15,150,,,5,10,3,90,2,12,2,4,2,4,3.9,0.02,3.97,0.14,0.104,,98.67,0.32,85.71,0.18,24
223,15,150,,,5,20,1,120,2,12,2,4,2,4,4.01,0.012,4.12,0.33,0.111,,97.63,0.65,82.63,0.02,24
224,15,150,,,5,20,3,90,2,12,2,4,2,4,4.01,0.012,4.12,0.33,0.111,,97.63,0.65,82.63,0.02,24
225,15,150,,,5,5,1,100,2,12,2,4,2,4,3.96,0.07,3.76,0.25,0.214,,98.75,0.86,75.3,0.05,24
226,15,150,,,24,5,3,90,2,12,2,4,2,4,3.96,0.07,3.76,0.25,0.214,,98.75,0.86,75.3,0.05,24
227,15,150,,,5,10,1,120,2,12,2,4,2,4,3.94,0.14,4.29,0.18,0.125,,99.08,0.28,70.8,0.12,24
228,15,150,,,24,10,3,90,2,12,2,4,2,4,3.94,0.14,4.29,0.18,0.125,,99.08,0.28,70.8,0.12,24
229,15,150,,,5,20,1,130,2,12,2,4,2,4,3.81,0.02,3.87,0.09,0.287,,98.43,0.07,67.2,0.13,24
230,15,150,,,24,20,3,90,2,12,2,4,2,4,3.81,0.02,3.87,0.09,0.287,,98.43,0.07,67.2,0.13,24
231,16,150,,,5,27,6,110,1,10,4,0.5,2,2.5,4.42,0.03,7.2,0.5,0.56,0.16,,,80.05,,8
232,16,150,,,5,26.5,6,110,1,10,4,1,2,2.5,4.45,0.03,7.8,0.5,0.49,0.16,,,83.78,,8
233,16,150,,,5,36,6,100,1,10,4,1.5,2,2.5,4.49,0.03,6.4,0.5,0.68,0.16,,,87.32,,8
234,16,150,,,5,44,6,90,1,12,4,1.5,2,2.5,4.47,0.03,7.6,0.5,0.52,0.17,,,94.34,,8
235,16,150,,,5,35,6,100,1,11,4,1.5,2,2.5,4.48,0.03,8,0.5,0.24,0.16,,,93.03,,12
236,16,150,,,5,40.5,6,85,1,20,4,2,2,2.5,4.46,0.03,8.2,0.5,0.22,0.16,,,89.26,,8
237,16,150,,,5,90,6,45,1,10,4,2.5,2,2.5,4.48,0.03,8,0.5,0.23,0.16,,,95.8,,12
238,16,150,,,5,40,6,90,1,15,4,2.5,2,2.5,4.47,0.03,8.2,0.5,0.21,0.16,,,90.45,,12
239,17,100,,,1,30,3,1,3,5,3,5,2,3,3.9,0.91,7.3,0.41,0.61,0.17,98.25,0.44,99.07,0.12,12
240,17,100,,,1,40,3,1,3,6,3,10,2,3,4,0.21,7.8,0.32,0.52,0.22,96.31,0.37,99.71,0.42,18
241,17,100,,,1,50,3,1,3,7,3,15,2,3,4.2,0.12,8,0.75,0.58,0.11,98.54,0.71,98.54,0.43,20
242,17,100,,,1,60,3,1,3,8,3,20,2,3,3.9,0.73,6.5,0.44,0.72,0.16,99.67,0.87,99.54,0.11,24
243,17,100,,,1,70,3,1,3,9,3,25,2,3,4,0.41,6.8,0.83,0.665,0.19,99.37,0.52,99.77,0.11,18
244,17,100,,,1,80,3,1,3,10,3,30,2,3,3.8,0.93,7.1,0.32,0.714,0.12,98.97,0.73,97.99,0.61,20
245,17,100,,,1,100,3,1,3,11,3,35,2,3,4.1,0.17,6,0.51,0.4447,0.01,98.61,0.81,98.78,0.48,24
246,18,30,,,25,10,1,50,,,,,2,2,3.2,0.05,4,0.1,0.24,0.03,99.47,0.3,99.2,0.36,12
247,18,30,,,25,10,3,108,,,,,2,2,3.2,0.05,4,0.1,0.24,0.03,99.47,0.3,99.2,0.36,12
248,18,30,,,25,20,1,50,,,,,2,2,3.1,0.02,5.5,0.1,0.07,0.02,98.89,0.5,98.52,0.24,16
249,18,30,,,25,20,3,98,,,,,2,2,3.1,0.02,5.5,0.1,0.07,0.02,98.89,0.5,98.52,0.24,16
250,18,30,,,25,30,1,50,,,,,2,2,3.3,0.07,5,0.4,0.19,0.03,98.35,0.9,98.18,0.21,20
251,18,30,,,25,30,3,88,,,,,2,2,3.3,0.07,5,0.4,0.19,0.03,98.35,0.9,98.18,0.21,20
252,18,30,,,5,10,1,50,,,,,2,2,3.2,0.03,4.5,0.2,0.07,0.01,97.12,0.5,97.84,0.35,12
253,18,30,,,5,10,3,108,,,,,2,2,3.2,0.03,4.5,0.2,0.07,0.01,97.12,0.5,97.84,0.35,12
254,18,30,,,5,20,1,50,,,,,2,2,3.2,0.04,5.3,0.1,0.16,0.04,97.56,0.6,97.84,0.31,20
255,18,30,,,5,20,3,98,,,,,2,2,3.2,0.04,5.3,0.1,0.16,0.04,97.56,0.6,97.84,0.31,20
256,18,30,,,5,30,1,50,,,,,2,2,3.1,0.02,5.4,0.3,0.07,0.03,98.35,0.3,97.18,0.23,20
257,18,30,,,5,30,3,88,,,,,2,2,3.1,0.02,5.4,0.3,0.07,0.03,98.35,0.3,97.18,0.23,20
258,18,30,,,18,10,1,50,,,,,2,2,3.3,0.02,5.5,0.4,0.07,0.01,98.4,0.4,98.18,0.32,16
259,18,30,,,18,10,3,108,,,,,2,2,3.3,0.02,5.5,0.4,0.07,0.01,98.4,0.4,98.18,0.32,16
260,18,30,,,18,20,1,50,,,,,2,2,3.2,0.05,5.4,0.2,0.24,0.02,97.84,0.3,97.84,0.61,20
261,18,30,,,18,20,3,98,,,,,2,2,3.2,0.05,5.4,0.2,0.24,0.02,97.84,0.3,97.84,0.61,20
262,18,30,,,18,30,1,50,,,,,2,2,3.2,0.03,5.7,0.2,0.04,0.01,99.64,0.1,99.2,0.31,24
263,18,30,,,18,30,3,88,,,,,2,2,3.2,0.03,5.7,0.2,0.04,0.01,99.64,0.1,99.2,0.31,24
264,19,180,,,4,40,6,237,3,20,1,2,1,1,3.51,0.01,4.7,0.06,0.258,,98.25,0.2,98.86,,24
265,19,180,,,21,40,6,237,3,20,1,2,1,1,3.52,0,4.5,0.06,0.41,,99.23,0.1,100.02,,24
266,19,180,,,4,60,6,217,3,20,1,2,1,1,3.49,0.01,4.5,0,0.235,,99.52,0.1,99.72,,24
267,19,180,,,21,60,6,217,3,20,1,2,1,1,3.54,0.01,4.7,0.06,0.42,,98.52,0.2,99.54,,24
268,19,180,,,4,10,6,177,3,20,1,2,1,1,3.5,0.01,4.5,0.1,0.52,,99.55,0.1,99.69,,24
269,19,180,,,21,10,5,177,3,20,1,2,1,1,3.48,0.01,4.6,0.06,0.4,,100.12,0.01,100,,24
270,19,180,,,21,40,6,207,3,20,1,2,1,1,3.63,0,4.5,0.06,0.243,,99.8,0.1,98.32,,24
271,19,180,,,4,40,6,207,3,20,1,2,1,1,3.63,0,4.5,0.06,0.243,,99.8,0.1,98.32,,24
272,19,180,,,21,60,6,157,3,20,1,2,1,1,3.62,0.01,4.6,0,0.402,,98.9,0.1,99.85,,24
273,19,180,,,4,60,6,157,3,20,1,2,1,1,3.62,0.01,4.6,0,0.402,,98.9,0.1,99.85,,24
274,19,180,,,21,100,6,77,3,20,1,2,1,1,3.59,0.01,4.7,0.06,0.421,,99.32,0.1,99.62,,24
275,19,180,,,4,100,6,77,3,20,1,2,1,1,3.59,0.01,4.7,0.06,0.421,,99.32,0.1,99.62,,24
276,20,10,,,26,10,3,38,,,1,1,1,1,3.75,1.25,3.22,0.17,0.36,0.12,98.25,1.37,81.57,,12
277,20,10,,,27,10,3,38,,,1,1,1,1,3.75,1.25,3.22,0.17,0.36,0.12,98.25,1.37,81.57,,12
278,20,10,,,21,30,3,38,,,1,1,1,1,3.75,1.25,3.22,0.17,0.36,0.12,98.25,1.37,81.57,,12
279,20,10,,,26,15,3,38,,,1,1,1,1,4.05,1.4,3.37,0.25,0.39,0.09,95.28,0.8,90.15,,12
280,20,10,,,27,5,3,38,,,1,1,1,1,4.05,1.4,3.37,0.25,0.39,0.09,95.28,0.8,90.15,,12
281,20,10,,,21,30,3,38,,,1,1,1,1,4.05,1.4,3.37,0.25,0.39,0.09,95.28,0.8,90.15,,12
282,20,10,,,26,5,3,38,,,1,1,1,1,3.4,1.35,3.14,0.8,0.43,0.06,99.12,2.47,99.46,,12
283,20,10,,,27,15,3,38,,,1,1,1,1,3.4,1.35,3.14,0.8,0.43,0.06,99.12,2.47,99.46,,12
284,20,10,,,21,30,3,38,,,1,1,1,1,3.4,1.35,3.14,0.8,0.43,0.06,99.12,2.47,99.46,,12
285,20,10,,,26,20,3,38,,,1,1,1,1,3.25,1.45,3.2,0.2,0.12,0.08,101.22,0.88,94.45,,12
286,20,10,,,27,5,3,38,,,1,1,1,1,3.25,1.45,3.2,0.2,0.12,0.08,101.22,0.88,94.45,,12
287,20,10,,,21,30,3,38,,,1,1,1,1,3.25,1.45,3.2,0.2,0.12,0.08,101.22,0.88,94.45,,12
288,21,400,,,28,100,1,100,,,1,5,,,,,,,,,,,103.09,1.35,14
289,21,400,,,5,50,1,100,,,1,5,,,,,,,,,,,103.09,1.35,14
290,21,400,,,28,100,1,75,,,1,5,,,,,,,,,,,104.47,1.9,16
291,21,400,,,5,75,1,75,,,1,5,,,,,,,,,,,104.47,1.9,16
292,21,400,,,28,100,1,50,,,1,5,,,,,,,,,,,100.35,1.05,16
293,21,400,,,5,100,1,50,,,1,5,,,,,,,,,,,100.35,1.05,16
294,21,400,,,28,125,1,75,,,1,5,,,,,,,,,,,104.16,2.43,18
295,21,400,,,5,50,1,75,,,1,5,,,,,,,,,,,104.16,2.43,18
296,21,400,,,28,125,1,50,,,1,5,,,,,,,,,,,102.42,0.69,20
297,21,400,,,5,75,1,50,,,1,5,,,,,,,,,,,102.42,0.69,20
298,21,400,,,28,125,1,25,,,1,5,,,,,,,,,,,101.54,1.63,22
299,21,400,,,5,100,1,25,,,1,5,,,,,,,,,,,101.54,1.63,22
300,21,400,,,28,150,1,50,,,1,5,,,,,,,,,,,100.53,0.84,24
301,21,400,,,5,50,1,50,,,1,5,,,,,,,,,,,100.53,0.84,24
302,21,400,,,28,150,1,25,,,1,5,,,,,,,,,,,94.01,0.49,24
303,21,400,,,5,75,1,25,,,1,5,,,,,,,,,,,94.01,0.49,24
304,21,400,,,28,150,,,,,1,5,,,,,,,,,,,93.08,1.06,24
305,21,400,,,5,100,,,,,1,5,,,,,,,,,,,93.08,1.06,24
306,22,25,,,5,30,1,129,,,1,6,1,10,3.08,,6.7,,0.74,,97.22,,94.98,,9
307,22,25,,,5,60,1,99,,,1,6,1,10,3.09,,6.4,,0.34,,95.4,,89.01,,9
308,22,25,,,21,30,1,129,,,1,6,1,10,3.1,,6.9,,0.48,,97.08,,88.5,,9
309,22,25,,,21,60,1,99,,,1,6,1,10,3.11,,6.6,,0.59,,96.3,,92.02,,9
310,22,25,,,14,30,1,129,,,1,6,1,10,3.09,,6.9,,0.54,,95.55,,87.63,,9
311,22,25,,,14,60,1,99,,,1,6,1,10,3.1,,6.3,,0.5,,98.1,,85.72,,9
312,22,25,,,5,30,1,99,,,1,6,1,10,3.08,,7.2,,0.69,,96.6,,96.65,,12
313,22,25,,,21,30,1,99,,,1,6,1,10,3.08,,7.2,,0.69,,96.6,,96.65,,12
314,22,25,,,21,30,1,99,,,1,6,1,10,3.07,,7.1,,0.49,,98.2,,88.11,,12
315,22,25,,,14,30,1,99,,,1,6,1,10,3.07,,7.1,,0.49,,98.2,,88.11,,12
316,22,25,,,5,30,1,99,,,1,6,1,10,3.1,,6.8,,0.44,,97.5,,92.06,,12
317,22,25,,,14,30,1,99,,,1,6,1,10,3.1,,6.8,,0.44,,97.5,,92.06,,12
318,22,25,,,5,20,1,99,,,1,6,1,10,3.07,,7.4,,0.39,,96.8,,94.87,,12
319,22,25,,,21,20,1,99,,,1,6,1,10,3.07,,7.4,,0.39,,96.8,,94.87,,12
320,22,25,,,14,20,1,99,,,1,6,1,10,3.07,,7.4,,0.39,,96.8,,94.87,,12
321,23,8,,,19,30,3,76,,,1,3,1,3,3.65,0.25,3.34,0.1,0.4,0.08,99.16,0.56,98.26,,4
322,23,8,,,21,30,3,76,,,1,3,1,3,3.65,0.25,3.34,0.1,0.4,0.08,99.16,0.56,98.26,,4
323,23,8,,,27,20,3,76,,,1,3,1,3,4.05,0.4,4,0.55,0.35,0.1,98.28,0.6,97.79,,6
324,23,8,,,21,40,3,76,,,1,3,1,3,4.05,0.4,4,0.55,0.35,0.1,98.28,0.6,97.79,,6
325,23,8,,,19,20,3,66,,,1,3,1,3,3.8,1.2,3.2,0.4,0.24,0.12,99.42,1.46,99.93,,12
326,23,8,,,27,20,3,66,,,1,3,1,3,3.8,1.2,3.2,0.4,0.24,0.12,99.42,1.46,99.93,,12
327,23,8,,,21,30,3,66,,,1,3,1,3,3.8,1.2,3.2,0.4,0.24,0.12,99.42,1.46,99.93,,12
328,23,8,,,19,20,3,66,,,1,3,1,3,4,0.28,3.8,0.2,0.16,0.06,99.22,0.84,98.26,,12
329,23,8,,,27,10,3,66,,,1,3,1,3,4,0.28,3.8,0.2,0.16,0.06,99.22,0.84,98.26,,12
330,23,8,,,21,40,3,66,,,1,3,1,3,4,0.28,3.8,0.2,0.16,0.06,99.22,0.84,98.26,,12
331,24,25,,,3,12,3,72,3,6,1,2,1,3,,,5.5,,0.36,,96.25,,94.28,,6
332,24,25,,,3,24,3,60,3,6,1,2,1,3,,,5.5,,0.39,,95.28,,92.55,,8
333,24,25,,,3,37,3,47,3,6,1,2,1,3,,,55.8,,0.43,,94.12,,93.83,,8
334,24,25,,,3,48,3,36,3,6,1,2,1,3,,,5.66,,0.12,,91.22,,92.4,,10
335,24,25,,,29,12,3,72,3,6,1,2,1,3,,,4.25,,0.54,,90.24,,92.3,,6
336,24,25,,,29,24,3,60,3,6,1,2,1,3,,,4.08,,0.58,,97.53,,91.19,,8
337,24,25,,,29,37,3,47,3,6,1,2,1,3,,,4.25,,0.64,,93.28,,92.57,,8
338,24,25,,,29,48,3,36,3,6,1,2,1,3,,,5.41,,0.07,,98.35,,98.77,,8
339,25,91.42,,,4,20,1,72.58,1,10,2,4,2,2,3,,6,,0.5,,91.42,,98.76,,12
340,25,91.42,,,4,60,1,32.58,1,10,2,4,2,2,3,,7,,0.43,,94,,90.01,,12
341,25,91.42,,,5,30,1,62.58,1,10,2,4,2,2,3,,6,,0.4,,86.33,,101.02,,24
342,25,91.42,,,5,70,1,22.58,1,10,2,4,2,2,3,,6,,0.6,,89.65,,92.07,,24
343,25,91.42,,,21,20,1,72.58,1,10,2,4,2,2,3,,8,,0.41,,94.43,,100.19,,6
344,25,91.42,,,21,40,1,52.58,1,10,2,4,2,2,3,,8,,0.46,,86.33,,98.89,,14
345,25,91.42,,,11,20,1,72.58,1,10,2,4,2,2,3,,7,,0.51,,96.33,,98.08,,8
346,25,91.42,,,11,40,1,52.58,1,10,2,4,2,2,3,,7,,0.43,,89.21,,99.86,,14
347,25,91.42,,,5,50,1,18.58,1,10,2,4,2,2,3,,8,,0.52,,95.21,,98.23,,24
348,25,91.42,,,21,24,1,18.58,1,10,2,4,2,2,3,,8,,0.52,,95.21,,98.23,,24
349,25,91.42,,,5,24,1,18.58,1,10,2,4,2,2,3,,8,,0.46,,86.8,,94.5,,24
350,25,91.42,,,21,50,1,18.58,1,10,2,4,2,2,3,,8,,0.46,,86.8,,94.5,,24
351,25,91.42,,,5,50,1,18.58,1,10,2,4,2,2,3,,8,,0.6,,96.33,,97.23,,24
352,25,91.42,,,11,24,1,18.58,1,10,2,4,2,2,3,,8,,0.6,,96.33,,97.23,,24
353,25,91.42,,,5,24,1,18.58,1,10,2,4,2,2,3,,7,,0.53,,92.54,,98.41,,24
354,25,91.42,,,11,50,1,18.58,1,10,2,4,2,2,3,,7,,0.53,,92.54,,98.41,,24
355,26,250,,,5,30,1,160,,,1,5,1,10,2.3,0.11,4.9,0.2,0.14,,98.25,1.15,60.44,,12
356,26,250,,,5,50,1,140,,,1,5,1,10,2.1,0.12,4.7,0.2,0.12,,99.28,1.73,58.41,,12
357,26,250,,,5,75,1,115,,,1,5,1,10,2.4,0.17,5.2,0.1,0.1,,99.68,1,52.36,,12
358,26,250,,,3,30,1,160,,,1,5,1,10,2.6,0.2,5.6,0.15,0.21,,100.01,1,58.33,,12
359,26,250,,,3,50,1,140,,,1,5,1,10,2.4,0.18,5.3,0.11,0.24,,99.98,1.73,54.42,,12
360,26,250,,,3,75,1,115,,,1,5,1,10,2.1,0.1,5.2,0.05,0.12,,100.1,2.64,50.36,,12
361,26,250,,,5,15,1,160,,,1,5,1,10,2.4,0.13,5.8,0.17,0.17,,99.72,1.15,90.1,,12
362,26,250,,,3,15,1,160,,,1,5,1,10,2.4,0.13,5.8,0.17,0.17,,99.72,1.15,90.1,,12
363,9,50,,,3,35,1,188,,,1,3.5,1,3.5,6.9,,8.3,,0.9,,92.25,,85.23,,12
364,9,50,,,14,70,1,188,,,1,3.5,1,3.5,6.9,,8.3,,0.9,,92.25,,85.23,,12
365,9,50,,,19,55,1,188,,,1,3.5,1,3.5,4,,7,,0.58,,99.8,,99.78,,12
366,9,50,,,14,50,1,188,,,1,3.5,1,3.5,4,,7,,0.58,,99.8,,99.78,,12
367,9,50,,,19,75,1,188,,,1,3.5,1,3.5,8.2,,8,,0.89,,93.54,,93.28,,12
368,9,50,,,14,30,1,188,,,1,3.5,1,3.5,8.2,,8,,0.89,,93.54,,93.28,,12
369,9,50,,,14,25,1,223,,,1,3.5,1,3.5,7.9,,8.5,,0.91,,96.67,,96.12,,12
370,9,50,,,2,45,1,223,,,1,3.5,1,3.5,7.9,,8.5,,0.91,,96.67,,96.12,,12
371,9,50,,,14,30,1,223,,,1,3.5,1,3.5,9,,9.8,,0.87,,95.37,,95.36,,12
372,9,50,,,2,40,1,223,,,1,3.5,1,3.5,9,,9.8,,0.87,,95.37,,95.36,,12
373,27,200,,,7,50,3,140,1,5,1,3,1,2,2.01,0.01,6.16,0.49,0.26,0.19,96.31,0.51,100,,12
374,27,200,,,7,100,3,90,1,5,1,3,1,2,2.04,0.02,6.12,0.21,0.39,0.15,96.58,0.32,100,,12
375,27,200,,,5,50,3,140,1,5,1,3,1,2,2.06,0.04,6.1,0.16,0.27,0.2,97.24,0.24,100,,10
376,27,200,,,5,100,3,90,1,5,1,3,1,2,2.03,0.02,6.08,0.23,0.34,0.15,98.12,0.26,100,,10
377,27,200,,,8,50,3,140,1,5,1,3,1,2,2.01,0.03,6,0.51,0.22,0.18,97.25,0.18,100,,10
378,27,200,,,8,100,3,90,1,5,1,3,1,2,2.05,0.06,6.2,0.62,0.38,0.07,96.95,0.25,100,,10
379,27,200,,,7,50,3,90,1,5,1,3,1,2,2.01,0.03,6.25,0.31,0.32,0.21,98.75,0.26,98.85,,12
380,27,200,,,5,50,3,90,1,5,1,3,1,2,2.01,0.03,6.25,0.31,0.32,0.21,98.75,0.26,98.85,,12
381,27,200,,,7,50,3,90,1,5,1,3,1,2,2.05,0.04,6.3,0.34,0.26,0.23,99.62,0.25,96.29,,12
382,27,200,,,8,50,3,90,1,5,1,3,1,2,2.05,0.04,6.3,0.34,0.26,0.23,99.62,0.25,96.29,,12
383,27,200,,,5,50,3,90,1,5,1,3,1,2,2.05,0.02,6.15,0.43,0.28,0.3,98.89,0.31,100,,10
384,27,200,,,8,50,3,90,1,5,1,3,1,2,2.05,0.02,6.15,0.43,0.28,0.3,98.89,0.31,100,,10
385,28,10,,,17,5,3,177,,,1,4,1,4,3.28,,5.3,,0.13,,102,,97.67,,12
386,28,10,,,17,10,3,172,,,1,4,1,4,5.53,,5.1,,0.09,,98.1,,82,,12
387,28,10,,,17,15,3,167,,,1,4,1,4,3.3,,5.5,,0.14,,98.48,,51.35,,12
388,28,10,,,5,15,3,167,,,1,4,1,4,3.45,,5.2,,0.1,,97,,98.47,,12
389,28,10,,,5,20,3,162,,,1,4,1,4,3.4,,5,,0.18,,98,,98.73,,12
390,28,10,,,5,25,3,157,,,1,4,1,4,3.48,,5.5,,0.16,,101,,101.64,,12
391,28,10,,,5,15,3,162,,,1,4,1,4,3.12,,5.4,,0.19,,96.14,,98.73,,12
392,28,10,,,17,5,3,162,,,1,4,1,4,3.12,,5.4,,0.19,,96.14,,98.73,,12
393,28,10,,,5,20,3,152,,,1,4,1,4,3.16,,5.6,,0.22,,95.6,,98.92,,12
394,28,10,,,17,10,3,152,,,1,4,1,4,3.16,,5.6,,0.22,,95.6,,98.92,,12
395,28,10,,,5,20,3,149.5,,,1,4,1,4,3.13,,5.4,,0.11,,99.17,,99.79,,12
396,28,10,,,17,12.5,3,149.5,,,1,4,1,4,3.13,,5.4,,0.11,,99.17,,99.79,,12
397,1,200,,,3,30,1,75,2,8,2,7,2,7,3.95,,6.2,,0.62,,,,102,,4
398,1,200,,,3,30,1,75,2,8,3,3,2,7,3.95,,6.2,,0.62,,,,102,,4
399,1,200,,,3,58,1,43,2,7,2,7,2,7,3.98,,6.4,,0.53,,,,95.15,,10
400,1,200,,,3,58,1,43,2,7,3,3,2,7,3.98,,6.4,,0.53,,,,95.15,,10
401,1,200,2,25,5,32,1,40,2,7,2,7,2,7,3.6,,6.8,,0.71,,,,86.47,,24
402,1,200,2,25,3,23,1,40,2,7,3,3,2,7,3.6,,6.8,,0.71,,,,86.47,,24
403,1,200,2,25,5,70,1,40,2,8,2,7,2,7,6,,6,,0.54,,,,87.44,,24
404,1,200,2,25,3,28,1,40,2,8,2,7,2,7,6,,6,,0.54,,,,87.44,,24
405,1,200,2,25,5,110,1,25,2,8,2,7,2,9,4.7,,5,,0.78,,,,90.65,,24
406,1,200,2,25,5,66,1,25,2,9,2,6,2,9,4.15,,5.5,,0.53,,,,93.21,,24
407,1,200,2,25,5,46,1,25,2,9,2,6,2,9,3.97,,4.6,,0.53,,,,97.02,,20
408,1,200,2,30,5,36,1,30,2,9,2,6,2,9,3.95,,5.4,,0.51,,,,95.72,,24
409,29,500,,,1,150,3,150,,,1,9,1,9,5.42,,157,,0.27,,99.6,,99.1,,12
410,29,500,,,21,10,3,150,,,1,9,1,9,5.42,,157,,0.27,,99.6,,99.1,,12
411,29,500,,,1,170,3,150,,,1,9,1,9,5.48,,163,,0.29,,99.3,,98.7,,12
412,29,500,,,21,10,3,150,,,1,9,1,9,5.48,,163,,0.29,,99.3,,98.7,,12
413,29,500,,,1,190,3,150,,,1,9,1,9,5.67,,169,,0.33,,98.3,,97.5,,12
414,29,500,,,21,10,3,150,,,1,9,1,9,5.67,,169,,0.33,,98.3,,97.5,,12
415,29,500,,,1,150,3,100,,,1,9,1,9,5.13,,139,,0.21,,97.5,,101.2,,12
416,29,500,,,21,20,3,100,,,1,9,1,9,5.13,,139,,0.21,,97.5,,101.2,,12
417,29,500,,,1,150,3,100,,,1,9,1,9,5.23,,146,,0.23,,101.3,,98.7,,12
418,29,500,,,21,20,3,100,,,1,9,1,9,5.23,,146,,0.23,,101.3,,98.7,,12
419,29,500,,,1,150,3,100,,,1,9,1,9,5.32,,148,,0.27,,103.2,,85.1,,12
420,29,500,,,21,20,3,100,,,1,9,1,9,5.32,,148,,0.27,,103.2,,85.1,,12
421,29,500,,,1,170,3,100,,,1,9,1,9,5.36,,147,,0.31,,99.8,,99.3,,12
422,29,500,,,21,30,3,100,,,1,9,1,9,5.36,,147,,0.31,,99.8,,99.3,,12
423,29,500,,,1,190,3,100,,,1,9,1,9,5.41,,158,,0.29,,98.7,,97.8,,12
424,29,500,,,21,30,3,100,,,1,9,1,9,5.41,,158,,0.29,,98.7,,97.8,,12
425,29,500,,,1,210,3,100,,,1,9,1,9,5.56,,160,,0.22,,98.4,,87.6,,12
426,29,500,,,21,30,3,100,,,1,9,1,9,5.56,,160,,0.22,,98.4,,87.6,,12
427,30,20,,,4,20,3,93,,,1,2,1,2,3.19,0.16,4.87,0.16,0.33,,98.37,0.82,70.8,,12
428,30,20,,,4,20,1,10,,,1,2,1,2,3.19,0.16,4.87,0.16,0.33,,98.37,0.82,70.8,,12
429,30,20,,,4,40,3,73,,,1,2,1,2,3.19,0.09,5.02,0.09,0.58,,99.5,0.72,67.36,,12
430,30,20,,,4,40,1,10,,,1,2,1,2,3.19,0.09,5.02,0.09,0.58,,99.5,0.72,67.36,,12
431,30,20,,,4,60,3,53,,,1,2,1,2,3.05,0.13,4.81,0.13,0.4,,101.83,1.13,64.07,,12
432,30,20,,,4,60,1,10,,,1,2,1,2,3.05,0.13,4.81,0.13,0.4,,101.83,1.13,64.07,,12
433,30,20,,,4,80,3,33,,,1,2,1,2,3.24,0.17,5.01,0.17,0.13,,99.24,0.87,60.29,,12
434,30,20,,,4,80,1,10,,,1,2,1,2,3.24,0.17,5.01,0.17,0.13,,99.24,0.87,60.29,,12
435,30,20,,,4,100,3,13,,,1,2,1,2,3.16,0.08,5.03,0.08,0.06,,98.86,0.98,56.05,,12
436,30,20,,,4,100,1,10,,,1,2,1,2,3.16,0.08,5.03,0.08,0.06,,98.86,0.98,56.05,,12
437,30,20,,,8,20,3,93,1,3,1,2,1,2,3.22,0.11,4.86,0.11,0.19,,97.49,1.08,76.23,,12
438,30,20,,,8,20,1,10,1,3,1,2,1,2,3.22,0.11,4.86,0.11,0.19,,97.49,1.08,76.23,,12
439,30,20,,,8,40,3,73,1,3,1,2,1,2,3.31,0.06,4.87,0.06,0.12,,99.78,0.96,72.92,,12
440,30,20,,,8,40,1,10,1,3,1,2,1,2,3.31,0.06,4.87,0.06,0.12,,99.78,0.96,72.92,,12
441,30,20,,,8,60,3,53,1,3,1,2,1,2,3.21,0.18,4.91,0.18,0.7,,98.22,0.69,66.79,,12
442,30,20,,,8,60,1,10,1,3,1,2,1,2,3.21,0.18,4.91,0.18,0.7,,98.22,0.69,66.79,,12
443,30,20,,,8,80,3,33,1,3,1,2,1,2,3.16,0.12,5.08,0.12,0.75,,97.75,0.38,65.63,,12
444,30,20,,,8,80,1,10,1,3,1,2,1,2,3.16,0.12,5.08,0.12,0.75,,97.75,0.38,65.63,,12
445,30,20,,,8,100,3,13,1,3,1,2,1,2,3.25,0.11,4.93,0.11,0.86,,101.21,1.07,63.24,,12
446,30,20,,,8,100,1,10,1,3,1,2,1,2,3.25,0.11,4.93,0.11,0.86,,101.21,1.07,63.24,,12
447,30,20,,,17,20,3,93,1,3,1,2,1,2,3.29,0.08,4.57,0.08,0.23,,99.13,0.66,87.55,,12
448,30,20,,,17,20,1,10,1,3,1,2,1,2,3.29,0.08,4.57,0.08,0.23,,99.13,0.66,87.55,,12
449,30,20,,,17,40,3,73,1,3,1,2,1,2,3.2,0.14,4.71,0.14,0.48,,98.55,0.84,85.41,,12
450,30,20,,,17,40,1,10,1,3,1,2,1,2,3.2,0.14,4.71,0.14,0.48,,98.55,0.84,85.41,,12
451,30,20,,,17,60,3,53,1,3,1,2,1,2,3.18,0.09,4.72,0.09,0.31,,101.45,1.12,80.38,,12
452,30,20,,,17,60,1,10,1,3,1,2,1,2,3.18,0.09,4.72,0.09,0.31,,101.45,1.12,80.38,,12
453,30,20,,,17,80,3,33,1,3,1,2,1,2,3.28,0.15,4.81,0.15,0.59,,98.31,0.76,77.4,,12
454,30,20,,,17,80,1,10,1,3,1,2,1,2,3.28,0.15,4.81,0.15,0.59,,98.31,0.76,77.4,,12
455,30,20,,,17,100,3,13,1,3,1,2,1,2,3.24,0.11,4.83,0.11,0.29,,99.14,0.91,71.33,,12
456,30,20,,,17,100,1,10,1,3,1,2,1,2,3.24,0.11,4.83,0.11,0.29,,99.14,0.91,71.33,,12
457,31,10,,,4,5,1,130,3,1,1,2,1,2,3.221,0.0038,5.12,0.124,0.321,0.21,,,74,0.87,12
458,31,10,,,4,10,1,125,3,1,1,2,1,2,3.342,0.0041,5.23,0.25,0.421,0.32,,,82.3,0.52,12
459,31,10,,,4,15,1,120,3,1,1,2,1,2,3.351,0.0042,5.27,0.27,0.432,0.12,,,87.3,0.75,12
460,31,10,,,5,5,1,130,3,1,1,2,1,2,3.367,0.0044,5.31,0.31,0.471,0.41,,,83.8,0.66,12
461,31,10,,,5,10,1,125,3,1,1,2,1,2,3.371,0.0045,5.26,0.33,0.512,0.54,,,87.3,0.41,12
462,31,10,,,5,15,1,120,3,1,1,2,1,2,3.372,0.0047,5.32,0.34,0.663,0.32,,,92.8,0.66,12
463,31,10,,,2,5,1,130,3,1,1,2,1,2,3.381,0.0041,5.48,0.35,0.782,0.56,,,88.1,0.77,12
464,31,10,,,2,10,1,125,3,1,1,2,1,2,3.383,0.0042,5.44,0.36,0.861,0.37,,,91.6,0.49,12
465,31,10,,,2,15,1,120,3,1,1,2,1,2,3.394,0.0048,5.55,0.33,0.751,0.87,,,93.1,0.64,12
466,31,10,,,30,5,1,130,3,1,1,2,1,2,3.395,0.0044,5.46,0.38,0.573,0.67,,,93.3,0.57,12
467,31,10,,,30,10,1,125,3,1,1,2,1,2,3.397,0.0043,5.47,0.36,0.524,0.94,,,95.4,0.46,12
468,31,10,,,30,15,1,120,3,1,1,2,1,2,3.397,0.0045,5.49,0.37,0.681,0.65,,,97.9,0.46,12
469,32,10,,,1,5,3,280,,,1,5,,,4.356,0.006,7.1,0.28,0.59,0.012,98.9,0.09,100,,8
470,32,10,,,1,10,3,275,,,1,5,,,4.236,0.011,7.6,0.57,0.34,0.019,97.4,0.3,100,,8
471,32,10,,,1,20,3,265,,,1,5,,,4.15,0.008,8.1,0.28,0.47,0.014,99.21,0.35,100,,8
472,32,10,,,1,40,3,245,,,1,5,,,4.19,0.029,8,0.01,0.4,0.02,102.1,0.29,100,,10
473,32,10,,,1,60,3,225,,,1,5,,,4.34,0.003,8.5,0.12,0.13,0.011,99.89,0.32,100,,10
474,33,100,,,4,30,2,164,,,3,3,2,3,4.42,0.3,6,,0.16,0.03,99.22,0.49,98.14,0.4,8
475,33,100,,,4,45,2,149,,,3,3,2,3,4.41,0.5,6,,0.13,0.02,97.4,0.62,100.35,0.2,10
476,33,100,,,4,60,2,134,,,3,3,2,3,4.38,0.6,6,,0.16,0.01,98.98,1.06,98.26,0.2,10
477,33,100,,,4,75,2,119,,,3,3,2,3,4.43,0.4,6,,0.31,0.02,99.8,0.54,100.23,0.2,12
478,33,100,,,3,30,2,164,,,3,3,2,3,4.44,0.4,6,,0.11,0.01,100.18,0.54,97.24,0.4,8
479,33,100,,,3,45,2,149,,,3,3,2,3,4.41,0.5,6,,0.22,0.02,97.68,0.16,99.35,0.2,10
480,33,100,,,3,60,2,134,,,3,3,2,3,4.42,0.8,6,,0.14,0.05,98.77,0.95,100.85,0.4,12
481,33,100,,,3,75,2,119,,,3,3,2,3,4.4,0.9,6,,0.12,0.03,99.56,1.49,97.76,0.2,12
482,33,100,,,31,30,2,164,,,3,3,2,3,4.39,0.9,6,,0.19,0.08,100.37,1.21,101.86,0.8,6
483,33,100,,,31,45,2,149,,,3,3,2,3,4.42,0.3,6,,0.25,0.02,99.86,0.39,98.56,0.17,6
484,33,100,,,31,60,2,134,,,3,3,2,3,4.44,0.2,6,,0.12,0.02,99.53,1.09,98.42,0.23,10
485,33,100,,,31,75,2,119,,,3,3,2,3,4.45,0.8,6,,0.28,0.01,98.73,0.98,100.01,0.9,12
486,33,100,,,15,30,2,164,,,3,3,2,3,4.46,0.6,6,,0.25,0.03,99.69,1.07,101.21,1.3,12
487,33,100,,,15,45,2,149,,,3,3,2,3,4.43,0.6,6,,0.17,0.01,97.98,1.65,99.2,0.4,12
488,33,100,,,15,60,2,134,,,3,3,2,3,4.44,0.3,6,,0.2,0.01,100.2,1.2,70.56,0.6,12
489,33,100,,,15,75,2,119,,,3,3,2,3,4.42,0.5,6,,0.19,0.005,98.27,1.22,48.21,0.2,12
490,33,100,,,17,30,2,164,,,3,3,2,3,4.43,0.8,6,,0.18,0.015,99.29,0.56,97.28,0.6,10
491,33,100,,,17,45,2,149,,,3,3,2,3,4.48,0.7,6,,0.18,0.04,99.43,0.54,100.66,1.12,12
492,33,100,,,17,60,2,134,,,3,3,2,3,4.46,0.5,6,,0.22,0.01,99.21,1.23,76.29,0.64,12
493,33,100,,,17,75,2,119,,,3,3,2,3,4.42,0.2,6,,0.43,0.02,98.34,1.32,65.01,0.9,12
494,33,100,,,8,30,2,164,,,3,3,2,3,4.48,0.4,6,,0.2,0.02,100.28,0.76,101.16,1.8,6
495,33,100,,,8,45,2,149,,,3,3,2,3,4.39,0.4,6,,0.38,0.03,99.67,0.48,100.72,0.43,8
496,33,100,,,8,60,2,134,,,3,3,2,3,4.45,0.7,6,,0.12,0.01,99.87,1.27,100.42,0.2,10
497,33,100,,,8,75,2,119,,,3,3,2,3,4.43,0.4,6,,0.24,0.03,99.34,1.43,97.56,0.2,10
498,34,40,,,32,40,3,165,,,2,2.5,2,2.5,3.23,0.13,4.5,0.17,0.123,0.09,99.62,0.34,93.8,0.23,24
499,34,40,,,32,80,3,125,,,2,2.5,2,2.5,3.15,0.03,4.7,0.24,0.126,0.18,96.45,0.26,90.35,0.31,24
500,34,40,,,32,120,3,85,,,2,2.5,2,2.5,3.17,0.1,4.6,0.18,0.134,0.43,95.35,0.54,87.76,0.61,24
501,34,40,,,33,40,3,165,,,2,2.5,2,2.5,3.03,0.35,4.8,0.15,0.151,0.34,98.53,0.53,93.43,0.51,24
502,34,40,,,33,80,3,125,,,2,2.5,2,2.5,3.2,0.5,4.3,0.22,0.146,0.56,95.55,0.43,86.96,0.38,24
503,34,40,,,33,120,3,85,,,2,2.5,2,2.5,3.05,0.12,4.4,0.19,0.146,0.45,95.43,0.62,83.71,0.84,24
504,35,10,,,3,10,3,275,,,,,2,5,3.2,,6.02,,0.52,,98,,98.69,,16
505,35,10,,,3,20,3,265,,,,,2,5,3.5,,5.99,,0.07,,96.5,,19.4,,20
506,35,10,,,3,30,3,255,,,,,2,5,3.4,,6.33,,0.19,,96,,29.4,,20
507,35,10,,,3,10,3,265,,,,,2,5,3.1,,6.09,,0.49,,97,,62.9,,20
508,35,10,,,26,10,3,265,,,,,2,5,3.1,,6.09,,0.49,,97,,62.9,,20
509,35,10,,,3,10,3,265,,,,,2,5,3.3,,6.11,,0.4,,95,,20.4,,20
510,35,10,,,4,10,3,265,,,,,2,5,3.3,,6.11,,0.4,,95,,20.4,,20
511,35,10,,,3,10,3,265,,,,,2,5,3.2,,6.19,,0.33,,98,,20.4,,20
512,35,10,,,6,10,3,265,,,,,2,5,3.2,,6.19,,0.33,,98,,20.4,,20
513,36,204,,,5,164,7,57,1,5,1,10,1,10,5,,5.6,0.65,0.56,0.1,98.13,0.66,67.59,0.02,12
514,36,204,,,5,92,7,129,1,5,1,10,1,10,5.5,,5.5,0.52,0.44,0.14,90.81,0.91,71.5,0.02,12
515,36,204,,,5,20.5,7,200,1,5,1,10,1,10,5,,5.7,0.42,0.81,0.11,102.79,0.91,89.55,0.04,12
516,36,204,,,17,82,7,139,1,5,1,10,1,10,5,,5.8,0.84,0.44,0.18,96.86,1.03,75.93,0.02,12
517,36,204,,,17,61.5,7,160,1,5,1,10,1,10,5,,5.9,0.31,0.9,0.1,103.72,1.21,78.92,0.02,12
518,36,204,,,17,41,7,180,1,5,1,10,1,10,5,,5.7,0.58,0.69,0.11,106.56,1.1,90,0.08,12
519,36,204,,,2,143,7,78,1,5,1,10,1,10,5,,5.4,0.43,0.44,0.12,104.41,1.1,73.45,0.03,12
520,36,204,,,2,92,7,129,1,5,1,10,1,10,5,,5.5,0.46,0.52,0.1,96.04,2.09,79.95,0.03,12
521,36,204,,,2,41,7,180,1,5,1,10,1,10,5,,5.6,0.57,0.5,0.13,95.52,1.04,86.74,0.02,12
522,36,204,,,17,82,7,37,1,5,1,10,1,10,5,,5.6,0.4,0.76,0.12,104.82,1.2,73.08,0.02,12
523,36,204,,,2,102,7,37,1,5,1,10,1,10,5,,5.6,0.4,0.76,0.12,104.82,1.2,73.08,0.02,12
524,36,204,,,17,82,7,98,1,5,1,10,1,10,5,,5.4,0.39,0.56,0.1,95.52,1.64,74.86,0.04,12
525,36,204,,,2,41,7,98,1,5,1,10,1,10,5,,5.4,0.39,0.56,0.1,95.52,1.64,74.86,0.04,12
526,36,204,,,17,41,7,78,11,5,1,10,1,10,5,,5.6,0.45,0.68,0.1,96.51,1.69,75.53,0.05,12
527,36,204,,,2,102,7,78,1,5,1,10,1,10,5,,5.6,0.45,0.68,0.1,96.51,1.69,75.53,0.05,12
528,36,204,,,17,41,7,139,1,5,1,10,1,10,5,,5.7,0.53,0.56,0.1,105.46,1.03,88.47,0.01,12
529,36,204,,,2,41,7,139,1,5,1,10,1,10,5,,5.7,0.53,0.56,0.1,105.46,1.03,88.47,0.01,12
530,37,240,,,34,150,3,40,1,10,1,5,1,5,3.21,0.62,4.22,0.62,0.216,,99.92,,99.5,,24
531,37,240,,,4,150,3,40,1,10,1,5,1,5,3.31,0.48,4.71,0.59,0.324,,98.99,,99.8,,24
532,37,240,,,5,150,3,40,1,10,1,5,1,5,3.39,0.51,4.83,0.38,0.323,,99.45,,99.9,,24
533,37,240,,,34,75,3,40,1,10,1,5,1,5,3.46,0.64,5.38,0.67,0.128,,99.82,,99.7,,24
534,37,240,,,4,75,3,40,1,10,1,5,1,5,3.46,0.64,5.38,0.67,0.128,,99.82,,99.7,,24
535,37,240,,,34,75,3,40,1,10,1,5,1,5,3.16,0.42,5.81,0.85,0.124,,99.68,,99.5,,24
536,37,240,,,5,75,3,40,1,10,1,5,1,5,3.16,0.42,5.81,0.85,0.124,,99.68,,99.5,,24
537,37,240,,,4,75,3,40,1,10,1,5,1,5,3.44,0.68,4.92,0.29,0.194,,98.89,,99.5,,24
538,37,240,,,5,75,3,40,1,10,1,5,1,5,3.44,0.68,4.92,0.29,0.194,,98.89,,99.5,,24
539,37,240,,,34,100,3,40,1,10,1,5,1,5,3.15,0.27,5.39,0.57,0.284,,98.88,,97.4,,24
540,37,240,,,4,25,3,40,1,10,1,5,1,5,3.15,0.27,5.39,0.57,0.284,,98.88,,97.4,,24
541,37,240,,,5,25,3,40,1,10,1,5,1,5,3.15,0.27,5.39,0.57,0.284,,98.88,,97.4,,24
542,37,240,,,34,25,3,40,1,10,1,5,1,5,3.19,0.52,4.62,0.46,0.168,,99.2,,98.2,,24
543,37,240,,,4,100,3,40,1,10,1,5,1,5,3.19,0.52,4.62,0.46,0.168,,99.2,,98.2,,24
544,37,240,,,5,25,3,40,1,10,1,5,1,5,3.19,0.52,4.62,0.46,0.168,,99.2,,98.2,,24
545,37,240,,,34,25,3,40,1,10,1,5,1,5,3.51,0.69,5.16,0.92,0.363,,99.95,,98.3,,24
546,37,240,,,4,25,3,40,1,10,1,5,1,5,3.51,0.69,5.16,0.92,0.363,,99.95,,98.3,,24
547,37,240,,,5,100,3,40,1,10,1,5,1,5,3.51,0.69,5.16,0.92,0.363,,99.95,,98.3,,24
548,37,240,,,34,75,3,40,1,10,1,5,1,5,3.49,0.64,4.72,0.51,0.781,,99.01,,99.6,,24
549,37,240,,,4,37.5,3,40,1,10,1,5,1,5,3.49,0.64,4.72,0.51,0.781,,99.01,,99.6,,24
550,37,240,,,5,37.5,3,40,1,10,1,5,1,5,3.49,0.64,4.72,0.51,0.781,,99.01,,99.6,,24
551,37,240,,,34,37.5,3,40,1,10,1,5,1,5,3.41,0.61,4.69,0.56,0.659,,98.61,,99.5,,24
552,37,240,,,4,75,3,40,1,10,1,5,1,5,3.41,0.61,4.69,0.56,0.659,,98.61,,99.5,,24
553,37,240,,,5,37.5,3,40,1,10,1,5,1,5,3.41,0.61,4.69,0.56,0.659,,98.61,,99.5,,24
554,37,240,,,34,37.5,3,40,1,10,1,5,1,5,3.5,0.67,4.71,0.46,0.572,,97.67,,99.6,,24
555,37,240,,,4,37.5,3,40,1,10,1,5,1,5,3.5,0.67,4.71,0.46,0.572,,97.67,,99.6,,24
556,37,240,,,5,75,3,40,1,10,1,5,1,5,3.5,0.67,4.71,0.46,0.572,,97.67,,99.6,,24
557,38,50,,,5,40,6,40,,,1,5,1,5,3.2,0.05,5.2,0.1,0.25,0.02,97.5,0.9,92.4,0.7,12
558,38,50,,,4,20,6,40,,,1,5,1,5,3.2,0.05,5.2,0.1,0.25,0.02,97.5,0.9,92.4,0.7,12
559,38,50,,,5,40,6,40,,,1,5,1,5,3.4,0.05,6.3,0.2,0.53,0.03,97.46,1.2,92.6,0.6,12
560,38,50,,,4,30,6,40,,,1,5,1,5,3.4,0.05,6.3,0.2,0.53,0.03,97.46,1.2,92.6,0.6,12
561,38,50,,,5,40,6,40,,,1,5,1,5,3.5,0.06,5.3,0.1,0.72,0.03,97.7,0.8,93.6,1.1,12
562,38,50,,,4,40,6,40,,,1,5,1,5,3.5,0.06,5.3,0.1,0.72,0.03,97.7,0.8,93.6,1.1,12
563,38,50,,,5,50,6,40,,,1,5,1,5,3.3,0.05,5.2,0.1,0.67,0.04,98.53,0.6,93.8,0.9,12
564,38,50,,,4,20,6,40,,,1,5,1,5,3.3,0.05,5.2,0.1,0.67,0.04,98.53,0.6,93.8,0.9,12
565,38,50,,,5,50,6,40,,,1,5,1,5,3.5,0.05,6.2,0.2,0.62,0.03,97.93,0.5,94.2,0.7,12
566,38,50,,,4,30,6,40,,,1,5,1,5,3.5,0.05,6.2,0.2,0.62,0.03,97.93,0.5,94.2,0.7,12
567,38,50,,,5,50,6,40,,,1,5,1,5,3.7,0.05,5.2,0.2,0.59,0.02,98.26,0.5,94.6,1.1,12
568,38,50,,,4,40,6,40,,,1,5,1,5,3.7,0.05,5.2,0.2,0.59,0.02,98.26,0.5,94.6,1.1,12
569,38,50,,,5,60,6,40,,,1,5,1,5,3.5,0.1,6.2,0.2,0.68,0.02,97.7,0.8,94.7,0.7,12
570,38,50,,,4,20,6,40,,,1,5,1,5,3.5,0.1,6.2,0.2,0.68,0.02,97.7,0.8,94.7,0.7,12
571,38,50,,,5,60,6,40,,,1,5,1,5,3.7,0.1,6.3,0.1,0.34,0.02,98.33,0.5,97.4,0.8,12
572,38,50,,,4,30,6,40,,,1,5,1,5,3.7,0.1,6.3,0.1,0.34,0.02,98.33,0.5,97.4,0.8,12
573,38,50,,,5,60,6,40,,,1,5,1,5,4.1,0.05,5.2,0.1,0.65,0.04,99.43,0.4,98.2,0.6,12
574,38,50,,,4,40,6,40,,,1,5,1,5,4.1,0.05,5.2,0.1,0.65,0.04,99.43,0.4,98.2,0.6,12
575,39,20,,,14,40,1,234,,,1,2,1,4,3.2,0.12,6.1,0.25,0.39,0.07,97.89,3.29,94.87,0.03,8
576,39,20,,,14,60,1,214,,,1,2,1,4,3.2,0.11,5.87,0.4,0.43,0.06,100.62,2.98,87.23,0.05,12
577,39,20,,,14,80,1,194,,,1,2,1,4,3.1,0.03,5.08,0.27,0.42,0.04,102.13,3.12,97.81,0.07,18
578,39,20,,,14,100,1,174,,,1,2,1,4,2.9,0.06,6.15,0.41,0.38,0.05,97.99,3.19,92.85,0.13,18
579,39,20,,,14,120,1,154,,,1,2,1,4,3.2,0.078,5.78,0.12,0.49,0.03,99.15,4.11,97.51,0.03,24
580,39,20,,,2,40,1,234,,,1,2,1,4,3.2,0.067,5.65,0.32,0.45,0.05,95.87,2.67,90.26,1.09,10
581,39,20,,,2,60,1,214,,,1,2,1,4,3.1,0.06,6.12,0.3,0.37,0.03,100.11,2.98,95.79,2.08,12
582,39,20,,,2,80,1,194,,,1,2,1,4,3.2,0.06,5.09,0.11,0.38,0.01,99.14,2.78,88.02,1.96,18
583,39,20,,,2,100,1,174,,,1,2,1,4,3.2,0.03,6.16,0.4,0.46,0.02,98.14,3.18,100.75,2.01,24
584,39,20,,,5,60,1,214,,,1,2,1,4,2.9,0.05,5.57,0.1,0.41,0.05,96.45,3.66,96.27,0.01,18
585,39,20,,,5,80,1,194,,,1,2,1,4,3.1,0.1,6.09,0.21,0.46,0.03,103.16,2.89,92.62,0.06,18
586,39,20,,,5,100,1,174,,,1,2,1,4,3.1,0.03,5.35,0.11,0.43,0.04,95.98,2.99,98.07,0.17,24
587,40,20,,,5,10,3,55,4,10,1,3,1,2,2.4,0.4,5.5,0.25,0.16,0.01,98.4,0.94,97.54,,12
588,40,20,,,4,10,3,55,4,10,1,3,1,2,2.5,0.17,6.6,0.3,0.33,0.03,95.5,2.91,95.03,,12
589,40,20,,,2,10,3,55,4,10,1,3,1,2,2.3,0.25,6.4,0.35,0.15,0.01,92.9,3.31,99.55,,12
590,40,20,,,5,20,3,45,4,10,1,3,1,2,2.5,0.35,5.5,0.2,0.26,0.02,100,0.88,98.54,,12
591,40,20,,,4,20,3,45,4,10,1,3,1,2,2.4,0.3,6.3,0.3,0.3,0.03,97.7,0.94,98.04,,12
592,40,20,,,2,20,3,45,4,10,1,3,1,2,2.4,0.15,6,0.3,0.34,0.03,99.6,1.49,100.05,,12
593,40,20,,,5,10,3,45,4,10,1,3,1,2,2.5,0.17,6.6,0.3,0.33,0.03,95.5,2.91,97.53,,12
594,40,20,,,4,10,3,45,4,10,1,3,1,2,2.5,0.17,6.6,0.3,0.33,0.03,95.5,2.91,97.53,,12
595,40,20,,,5,10,3,45,4,10,1,3,1,2,2.3,0.25,6.4,0.35,0.15,0.01,92.9,3.31,96.03,,12
596,40,20,,,2,10,3,45,4,10,1,3,1,2,2.3,0.25,6.4,0.35,0.15,0.01,92.9,3.31,96.03,,12
597,40,20,,,5,10,3,45,4,10,1,3,1,2,2.5,0.35,5.5,0.2,0.26,0.02,100,0.88,99.55,,12
598,40,20,,,2,10,3,45,4,10,1,3,1,2,2.5,0.35,5.5,0.2,0.26,0.02,100,0.88,99.55,,12
599,41,200,,,11,176,4,20,,,,,2,4,5.24,0.02,6.67,0.12,0.06,,99.49,,34.2,,24
600,41,200,,,35,176,4,20,,,,,2,4,5.2,0.01,6.73,0.31,0.04,,101.24,,100.2,,24
601,41,200,,,11,180,4,20,,,,,2,4,5.24,0.01,6.93,0.21,0.03,,100.32,,38.9,,24
602,41,200,,,35,58,4,20,,,,,2,4,5.24,0.01,6.93,0.21,0.03,,100.32,,38.9,,24
603,41,200,,,11,98,4,20,,,,,2,4,5.23,0.02,6.5,0.5,0.09,,100.87,,52.64,,24
604,41,200,,,35,78,4,20,,,,,2,4,5.23,0.02,6.5,0.5,0.09,,100.87,,52.64,,24
605,41,200,,,11,78,4,20,,,,,2,4,5.2,0.02,7.03,0.35,0.02,,98.87,,79.38,,24
606,41,200,,,35,98,4,20,,,,,2,4,5.2,0.02,7.03,0.35,0.02,,98.87,,79.38,,24
607,41,200,,,11,58,4,20,,,,,2,4,5.23,0.01,7.33,0.21,0.04,,100.05,,86.38,,24
608,41,200,,,35,118,4,20,,,,,2,4,5.23,0.01,7.33,0.21,0.04,,100.05,,86.38,,24
609,41,200,,,11,38,4,20,,,,,2,4,5.2,0.02,7.1,0.2,0.03,,98.99,,100,,24
610,41,200,,,35,138,4,20,,,,,2,4,5.2,0.02,7.1,0.2,0.03,,98.99,,100,,24
611,41,200,,,11,18,4,20,,,,,2,4,5.17,0.02,6.8,0.44,0.08,,100.64,,101.1,,24
612,41,200,,,35,158,4,20,,,,,2,4,5.17,0.02,6.8,0.44,0.08,,100.64,,101.1,,24
613,41,200,,,11,138,4,20,,,,,2,4,5.14,0.01,6.5,0.17,0.06,,99.45,,37.22,,24
614,41,200,,,35,38,4,20,,,,,2,4,5.14,0.01,6.5,0.17,0.06,,99.45,,37.22,,24
615,41,200,,,11,158,4,20,,,,,2,4,5.16,0.01,6.5,0.17,0.05,,98.56,,35.94,,24
616,41,200,,,35,18,4,20,,,,,2,4,5.16,0.01,6.5,0.17,0.05,,98.56,,35.94,,24
617,42,20,,,17,10,6,1,5,10,1,4,1,4,3.8,,4.5,,0.5,,99.8,,99.2,,8
618,42,20,,,17,20,6,1,5,10,1,4,1,4,3.9,,4.5,,0.51,,99.1,,99.65,,12
619,42,20,,,17,30,6,1,5,10,1,4,1,4,3.9,,4.4,,0.51,,99.8,,91.2,,12
620,42,20,,,3,10,6,1,5,10,1,4,1,4,3.9,,4.5,,0.55,,99.7,,99.1,,5
621,42,20,,,3,20,6,1,5,10,1,4,1,4,3.7,,4.4,,0.56,,99.3,,98.56,,7
622,42,20,,,3,30,6,1,5,10,1,4,1,4,3.7,,4.5,,0.45,,99.5,,99.17,,10
623,42,20,,,28,10,6,1,5,10,1,4,1,4,3.4,,4.1,,0.51,,99.8,,85.51,,12
624,42,20,,,28,20,6,1,5,10,1,4,1,4,3.7,,4.3,,0.49,,99.8,,72.3,,12
625,42,20,,,28,30,6,1,5,10,1,4,1,4,3.6,,4.5,,0.55,,99.4,,62.8,,12
626,43,4,,,36,52.5,3,23.94,8,7.5,1,1.5,,,2.7,,7.8,,0.45,,,,90.27,,24
627,43,4,,,5,60,3,23.94,8,7.5,1,1.5,,,2.7,,7.8,,0.45,,,,90.27,,24
628,43,4,,,36,52.5,3,68.98,8,7.5,1,1.5,,,2.8,,7.9,,0.47,,,,99.53,,20
629,43,4,,,5,15,3,68.98,8,7.5,1,1.5,,,2.8,,7.9,,0.47,,,,99.53,,20
630,43,4,,,36,52.5,3,16.44,8,15,1,1.5,,,2.5,,7.7,,0.49,,,,88.88,,24
631,43,4,,,5,60,3,16.44,8,15,1,1.5,,,2.5,,7.7,,0.49,,,,88.88,,24
632,43,4,,,36,52.5,3,61.44,8,156,1,1.5,,,2.6,,7.8,,0.41,,,,98.14,,20
633,43,4,,,5,15,3,61.44,8,156,1,1.5,,,2.6,,7.8,,0.41,,,,98.14,,20
634,43,4,,,36,52.5,3,42.69,8,11.25,1,1.5,,,2.5,,7.8,,0.43,,,,96.75,,24
635,43,4,,,5,37.5,3,42.69,8,11.25,1,1.5,,,2.5,,7.8,,0.43,,,,96.75,,24
636,43,4,,,36,60,3,12.59,8,11.25,1,1.5,,,2.6,,7.8,,0.4,,,,86.11,,24
637,43,4,,,5,60,3,12.59,8,11.25,1,1.5,,,2.6,,7.8,,0.4,,,,86.11,,24
638,43,4,,,36,60,3,38.94,8,7.5,1,1.5,,,2.6,,7.9,,0.48,,,,93.98,,24
639,43,4,,,5,37.5,3,38.94,8,7.5,1,1.5,,,2.6,,7.9,,0.48,,,,93.98,,24
640,43,4,,,36,52.5,3,42.69,8,11.25,1,1.5,,,2.8,,7.6,,0.46,,,,95.83,,24
641,43,4,,,5,37.5,3,42.69,8,11.25,1,1.5,,,2.8,,7.6,,0.46,,,,95.83,,24
642,43,4,,,36,60,3,57.69,8,11.25,1,1.5,,,2.6,,7.8,,0.41,,,,96.75,,20
643,43,4,,,5,15,3,57.69,8,11.25,1,1.5,,,2.6,,7.8,,0.41,,,,96.75,,20
644,43,4,,,36,45,3,53.94,8,7.5,1,1.5,,,2.7,,7.8,,0.4,,,,102.31,,24
645,43,4,,,5,37.5,3,53.94,8,7.5,1,1.5,,,2.7,,7.8,,0.4,,,,102.31,,24
646,43,4,,,36,52.5,3,42.69,8,11.25,1,1.5,,,2.6,,7.7,,0.44,,,,94.9,,24
647,43,4,,,5,37.5,3,42.69,8,11.25,1,1.5,,,2.6,,7.7,,0.44,,,,94.9,,24
648,43,4,,,36,45,3,46.44,8,15,1,1.5,,,2.6,,7.6,,0.45,,,,100.46,,24
649,43,4,,,5,37.5,3,46.44,8,15,1,1.5,,,2.6,,7.6,,0.45,,,,100.46,,24
650,43,4,,,36,60,3,31.44,8,15,1,1.5,,,2.5,,7.9,,0.43,,,,92.12,,24
651,43,4,,,5,37.5,3,31.44,8,15,1,1.5,,,2.5,,7.9,,0.43,,,,92.12,,24
652,43,4,,,36,45,3,72.69,8,11.25,1,1.5,,,2.6,,7.8,,0.81,,,,100.46,,20
653,43,4,,,5,15,3,72.69,8,11.25,1,1.5,,,2.6,,7.8,,0.81,,,,100.46,,20
654,43,4,,,36,45,3,27.69,8,11.25,1,1.5,,,2.7,,7.8,,0.47,,,,91.2,,24
655,43,4,,,5,60,3,27.69,8,11.25,1,1.5,,,2.7,,7.8,,0.47,,,,91.2,,24
656,44,135,,,5,10,3,1,,,1,2.5,1,2.5,,,,,,,,,100.4,,16
657,44,135,,,21,13.5,3,1,,,1,2.5,1,2.5,,,,,,,,,100.1,,20
658,44,135,,,2,13.5,3,1,,,1,2.5,1,2.5,,,,,,,,,100.8,,16
659,44,135,,,5,10.12,3,1,,,1,2.5,1,2.5,,,,,,,,,100.3,,16
660,44,135,,,21,10.12,3,1,,,1,2.5,1,2.5,,,,,,,,,100.3,,16
661,44,135,,,21,10.12,3,1,,,1,2.5,1,2.5,,,,,,,,,100.1,,16
662,44,135,,,2,10.12,3,1,,,1,2.5,1,2.5,,,,,,,,,100.1,,16
663,44,135,,,5,16.2,3,1,,,1,2.5,1,2.5,,,,,,,,,100.6,,24
664,44,135,,,21,3.375,3,1,,,1,2.5,1,2.5,,,,,,,,,100.6,,24
665,44,135,,,5,20.25,3,1,,,1,2.5,1,2.5,,,,,,,,,89.3,,24
666,44,135,,,21,3.375,3,1,,,1,2.5,1,2.5,,,,,,,,,89.3,,24
667,44,135,,,5,20.25,,1,,,1,2.5,1,2.5,,,,,,,,,79.8,,24
668,44,135,,,21,6.75,3,1,,,1,2.5,1,2.5,,,,,,,,,79.8,,24
669,44,135,,,5,16.2,3,1,,,1,2.5,1,2.5,,,,,,,,,90.8,,24
670,44,135,,,21,6.75,3,1,,,1,2.5,1,2.5,,,,,,,,,90.8,,24
671,45,15,,,4,10,1,73,,,2,1,2,1,3.16,,5.2,,0.103,,,,96.22,,7
672,45,15,,,4,15,1,68,,,2,1,2,1,3.21,,4.4,,0.21,,,,97.02,,12
673,45,15,,,3,10,1,73,,,2,1,2,1,3.15,,4.6,,0.141,,,,98.89,,12
674,45,15,,,4,10,1,62,,,2,1,2,1,3.12,,5.3,,0.158,,,,97,,7
675,45,15,,,3,10,1,62,,,2,1,2,1,3.12,,5.3,,0.158,,,,97,,7
676,45,15,,,4,15,1,58,,,2,1,2,1,3.2,,4.6,,0.21,,,,98.58,,12
677,45,15,,,3,10,1,58,,,2,1,2,1,3.2,,4.6,,0.21,,,,98.58,,12
678,45,15,,,4,18,1,55,,,2,1,2,1,3.08,,4.7,,0.265,,,,97.66,,12
679,45,15,,,3,10,1,55,,,2,1,2,1,3.08,,4.7,,0.265,,,,97.66,,12
680,45,15,,,4,16,1,52,,,2,1,2,1,3.22,,5.3,,0.106,,,,97,,16
681,45,15,,,3,15,1,52,,,2,1,2,1,3.22,,5.3,,0.106,,,,97,,16
682,45,15,,,4,20,1,43,,,2,1,2,1,3.15,,4.9,,0.15,,,,98.01,,16
683,45,15,,,3,20,1,43,,,2,1,2,1,3.15,,4.9,,0.15,,,,98.01,,16
684,45,15,,,4,20,1,38,,,2,1,2,1,3.13,,5.2,,0.16,,,,98.6,,24
685,45,15,,,3,25,1,38,,,2,1,2,1,3.13,,5.2,,0.16,,,,98.6,,24
686,46,5.02,,,4,10.04,9,47.19,4,7.5,1,0.5,3,0.3,2.53,,4.9,,0.54,,99.73,,104.4,,12
687,46,5.02,,,4,10.04,3,18.3,4,7.5,1,0.5,3,0.3,2.53,,4.9,,0.54,,99.73,,104.4,,12
688,46,5.02,,,4,15.06,9,43.39,4,7.5,1,0.5,3,0.3,2.52,,4.9,,0.53,,99.85,,103.4,,12
689,46,5.02,,,4,15.06,3,16.83,4,7.5,1,0.5,3,0.3,2.52,,4.9,,0.53,,99.85,,103.4,,12
690,46,5.02,,,3,10.04,9,47.19,4,7.5,1,0.5,3,0.3,2.52,,4.9,,0.56,,98.26,,99.4,,12
691,46,5.02,,,3,10.04,3,18.3,4,7.5,1,0.5,3,0.3,2.52,,4.9,,0.56,,98.26,,99.4,,12
692,46,5.02,,,3,15.06,9,43.39,4,7.5,1,0.5,3,0.3,2.52,,4.9,,0.52,,98.92,,100.8,,12
693,46,5.02,,,3,15.06,3,16.83,4,7.5,1,0.5,3,0.3,2.52,,4.9,,0.52,,98.92,,100.8,,12
694,46,5.02,,,37,10.04,9,47.19,4,7.5,1,0.5,3,0.3,2.53,,5,,0.5,,100.23,,100.21,,12
695,46,5.02,,,37,10.04,3,18.3,4,7.5,1,0.5,3,0.3,2.53,,5,,0.5,,100.23,,100.21,,12
696,47,25,,,4,25,1,136,1,10,2,2,2,2,2.46,0.05,6.83,0.28,0.56,,96.89,,96.68,,8
697,47,25,,,4,50,1,111,1,10,2,2,2,2,2.43,0.05,6.66,0.28,0.54,,98.42,,95.79,,8
698,47,25,,,5,25,1,136,1,10,2,2,2,2,2.46,0.05,6.93,0.11,0.61,,96.8,,92.31,,8
699,47,25,,,5,50,1,111,1,10,2,2,2,2,2.53,0.06,6.76,0.25,0.59,,97.22,,88.71,,12
700,47,25,,,17,25,1,136,1,10,2,2,2,2,2.56,0.05,6.6,0.17,0.62,,98.77,,94.06,,6
701,47,25,,,17,50,1,111,1,10,2,2,2,2,2.5,0.05,6.66,0.28,0.64,,96.83,,93.26,,8
702,47,25,,,4,25,1,111,1,10,2,2,2,2,2.53,0.08,6.83,0.28,0.53,,98.92,,97.46,,12
703,47,25,,,5,25,1,111,1,10,2,2,2,2,2.53,0.08,6.83,0.28,0.53,,98.92,,97.46,,12
704,47,25,,,4,25,1,111,1,10,2,2,2,2,2.5,0.01,6.6,0.17,0.58,,97.65,,98.83,,10
705,47,25,,,17,25,1,111,1,10,2,2,2,2,2.5,0.01,6.6,0.17,0.58,,97.65,,98.83,,10
706,47,25,,,5,25,1,111,1,10,2,2,2,2,2.43,0.05,6.83,0.25,0.6,,96.72,,95.81,,10
707,47,25,,,17,25,1,111,1,10,2,2,2,2,2.43,0.05,6.83,0.25,0.6,,96.72,,95.81,,10
708,48,450,,,4,50,1,100,1,15,3,10,2,15,6.6,0.12,6.8,1.2,0.43,,98.52,0.23,95.05,,12
709,48,450,,,4,50,3,260,1,15,3,10,2,15,6.6,0.12,6.8,1.2,0.43,,98.52,0.23,95.05,,12
710,48,450,,,4,100,1,100,1,15,3,10,2,15,6.7,0.07,7,0.89,0.52,,99.26,0.27,94,,12
711,48,450,,,4,100,3,210,1,15,3,10,2,15,6.7,0.07,7,0.89,0.52,,99.26,0.27,94,,12
712,48,450,,,4,150,1,100,1,15,3,10,2,15,6.75,0.05,7,0.55,0.39,,99.45,0.17,92.18,,24
713,48,450,,,4,150,3,160,1,15,3,10,2,15,6.75,0.05,7,0.55,0.39,,99.45,0.17,92.18,,24
714,48,450,,,5,50,1,100,1,15,3,10,2,15,6.8,0.1,7.9,0.89,0.41,,99.67,0.14,89.24,,24
715,48,450,,,5,50,3,260,1,15,3,10,2,15,6.8,0.1,7.9,0.89,0.41,,99.67,0.14,89.24,,24
716,48,450,,,5,100,1,100,1,15,3,10,2,15,6.85,0.15,8.4,1.2,0.43,,97.62,0.25,45,,24
717,48,450,,,5,100,3,210,1,15,3,10,2,15,6.85,0.15,8.4,1.2,0.43,,97.62,0.25,45,,24
718,48,450,,,5,150,1,100,1,15,3,10,2,15,6.8,0.1,8,0.98,0.41,,98.27,0.19,47.98,,24
719,48,450,,,5,150,3,160,1,15,3,10,2,15,6.8,0.1,8,0.98,0.41,,98.27,0.19,47.98,,24
720,48,450,,,4,50,1,100,1,15,3,10,2,15,6.86,0.15,8.5,1.2,0.4,,99.15,0.12,84.69,,24
721,48,450,,,5,100,3,160,1,15,3,10,2,15,6.86,0.15,8.5,1.2,0.4,,99.15,0.12,84.69,,24
722,28,10,,,38,60,3,44,,,1,0.01,1,0.02,2.23,0.078,5.1,0.236,0.29,0.15,93.28,1.99,39.41,1.8,12
723,28,10,,,21,80,3,44,,,1,0.01,1,0.02,2.23,0.078,5.1,0.236,0.29,0.15,93.28,1.99,39.41,1.8,12
724,28,10,,,38,70,3,46,,,1,0.01,1,0.02,2.19,0.053,5.04,0.104,0.32,0.09,95.35,1.14,43.96,0.9,12
725,28,10,,,21,70,3,46,,,1,0.01,1,0.02,2.19,0.053,5.04,0.104,0.32,0.09,95.35,1.14,43.96,0.9,12
726,28,10,,,38,80,3,50.5,,,1,0.01,1,0.02,2.22,0.087,5.06,0.185,0.17,0.13,96.34,2.18,46.01,0.8,12
727,28,10,,,21,60,3,50.5,,,1,0.01,1,0.02,2.22,0.087,5.06,0.185,0.17,0.13,96.34,2.18,46.01,0.8,12
728,28,10,,,38,80,3,54,,,1,0.01,1,0.02,2.22,0.074,5.1,0.109,0.19,0.07,91.29,0.98,63.15,1.2,12
729,28,10,,,21,50,3,54,,,1,0.01,1,0.02,2.22,0.074,5.1,0.109,0.19,0.07,91.29,0.98,63.15,1.2,12
730,28,10,,,38,80,3,57,,,1,0.01,1,0.02,2.18,0.087,5.1,0.167,0.24,0.07,97.35,0.43,72.31,1.1,12
731,28,10,,,21,45,3,57,,,1,0.01,1,0.02,2.18,0.087,5.1,0.167,0.24,0.07,97.35,0.43,72.31,1.1,12
732,28,10,,,38,80,3,59,,,1,0.01,1,0.02,2.17,0.078,5.04,0.09,0.22,0.14,98.88,0.88,88.21,1.8,12
733,28,10,,,21,40,3,59,,,1,0.01,1,0.02,2.17,0.078,5.04,0.09,0.22,0.14,98.88,0.88,88.21,1.8,12
734,18,84.87,,,5,84.87,1,222.6,,,1,4,1,4,,,,,,,,,99.56,1.77,5
735,18,84.87,,,5,170,1,137,,,1,4,1,4,,,,,,,,,99.98,1.88,12
736,18,84.87,,,5,84.87,2,222.6,,,1,4,1,4,2.24,0.16,4.6,0.24,0.72,0.05,95.99,0.09,99.56,,6
737,18,84.87,,,5,169.74,2,137,,,1,4,1,4,2.26,0.16,4.5,0.22,0.75,0.02,98.56,0.02,99.97,,13
738,18,84.87,,,5,169.74,2,129.39,,,1,4,1,4,2.35,0.09,4.8,0.16,0.68,0.09,99.01,0.05,101.01,,15
739,18,84.87,,,21,8,2,129.39,,,1,4,1,4,2.35,0.09,4.8,0.16,0.68,0.09,99.01,0.05,101.01,,15
740,18,84.87,,,5,169.74,2,121.39,,,1,4,1,4,2.28,0.13,4.9,0.26,0.68,0.07,99.23,0.1,99.55,,17
741,18,84.87,,,21,16,2,121.39,,,1,4,1,4,2.28,0.13,4.9,0.26,0.68,0.07,99.23,0.1,99.55,,17
742,18,84.87,,,5,169.74,2,121.39,,,1,4,1,4,2.32,0.21,4.6,0.35,0.73,0.12,98.9,0.15,99.91,,14
743,18,84.87,,,39,16,2,121.39,,,1,4,1,4,2.32,0.21,4.6,0.35,0.73,0.12,98.9,0.15,99.91,,14
744,18,84.87,,,5,169.74,2,105.39,,,1,4,1,4,2.36,0.15,4.5,0.12,0.75,0.13,99.75,0.07,99.99,,16
745,18,84.87,,,39,32,2,105.39,,,1,4,1,4,2.36,0.15,4.5,0.12,0.75,0.13,99.75,0.07,99.99,,16
746,10,60,,,1,30,3,180,3,15,1,7.5,1,7.5,3.97,,7,,0.59,,96.12,,97,4.56,6
747,10,60,,,1,45,3,165,3,15,1,7.5,1,7.5,3.95,,5.8,,0.62,,97.45,,95,4.01,7
748,10,60,,,1,60,3,150,3,15,1,7.5,1,7.5,3.99,,7.2,,0.6,,98.1,,96,3.81,8
749,10,60,,,2,30,3,180,3,15,1,7.5,1,7.5,3.85,,6.8,,0.54,,95.53,,94,3.83,5
750,10,60,,,2,45,3,165,3,15,1,7.5,1,7.5,3.57,,6.2,,0.7,,98.63,,95,3.36,6
751,10,60,,,2,60,3,150,3,15,1,7.5,1,7.5,3.84,,5.5,,0.69,,98.84,,98,3.79,8
752,10,60,,,2,75,3,135,3,15,1,7.5,1,7.5,3.73,,6.5,,0.72,,97.14,,97,3.43,9
753,10,60,,,17,75,3,135,3,15,1,7.5,1,7.5,3.69,,5.5,,0.54,,101.15,,98,3.3,10
754,10,60,,,1,45,3,120,3,15,1,7.5,1,7.5,3.89,,6.8,,0.52,,98.68,,96,3.92,12
755,10,60,,,17,45,3,120,3,15,1,7.5,1,7.5,3.89,,6.8,,0.52,,98.68,,96,3.92,12
756,10,60,,,2,60,3,129,3,15,1,6,1,,3.91,,5.4,,0.63,,102.42,,89,4.43,12
757,10,60,,,17,45,3,129,3,15,1,6,1,,3.91,,5.4,,0.63,,102.42,,89,4.43,12
758,10,60,,,2,60,3,135,3,15,1,7.5,1,7.5,4.11,,6.5,,0.71,,97.85,,98,3.97,10
759,10,60,,,21,15,3,135,3,15,1,7.5,1,7.5,4.11,,6.5,,0.71,,97.85,,98,3.97,10
760,10,60,,,2,60,3,120,3,15,1,7.5,1,7.5,3.9,,7,,0.51,,96.81,,99,4.15,11
761,10,60,,,21,30,3,120,3,15,1,7.5,1,7.5,3.9,,7,,0.51,,96.81,,99,4.15,11
762,10,60,2,72,2,60,3,72,3,15,1,6,1,,3.66,,6,,0.56,,100.65,,96,3.98,10
763,10,60,2,72,21,15,3,72,3,15,1,6,1,,3.66,,6,,0.56,,100.65,,96,3.98,10
764,49,450,,,5,250,1,100,4,20,3,8,2,2,,,,,,,,,76,,24
765,49,450,,,21,40,1,100,,,2,8,2,2,,,,,,,,,76,,24
766,49,450,,,5,250,1,100,,,3,8,2,4,,,,,,,,,84,,24
767,49,450,,,21,50,1,100,,,2,8,2,4,,,,,,,,,84,,24
768,49,450,,,5,300,,,,,3,8,2,4,,,,,,,,,85,,24
769,49,450,,,21,50,,,,,3,8,2,4,,,,,,,,,85,,24
770,49,450,,,15,50,,,,,2,8,2,4,,,,,,,,,85,,24
771,49,450,,,5,300,,,,,3,8,2,4,,,,,,,,,96,,24
772,49,450,,,21,50,,,,,3,8,2,4,,,,,,,,,96,,24
773,49,450,,,15,50,,,,,2,8,2,4,,,,,,,,,96,,24
774,49,450,,,5,300,,,,,3,8,2,4,,,,,,,,,99,,24
775,49,450,,,21,25,,,,,3,8,2,4,,,,,,,,,99,,24
776,49,450,,,15,75,,,,,2,8,2,4,,,,,,,,,99,,24
777,50,179,,,3,10,1,60.3,,,1,1.021,3,0.191,,,,,,,,,94.6,2.39,7
778,50,179,,,4,10,1,60.3,,,1,1.021,1,1.021,,,,,,,,,94.6,2.39,7
779,50,179,,,3,10,1,53.5,,,1,1.021,3,0.191,,,,,,,,,92.4,2.38,12
780,50,179,,,4,15.93,1,53.5,,,1,1.021,1,1.021,,,,,,,,,92.4,2.38,12
781,50,179,,,3,10,1,51.79,,,1,1.021,3,0.191,,,,,,,,,91.2,3.43,12
782,50,179,,,4,18.06,1,51.79,,,1,1.021,1,1.021,,,,,,,,,91.2,3.43,12
783,50,179,,,3,15,1,47.87,,,1,1.021,3,0.191,,,,,,,,,92.9,3.98,16
784,50,179,,,4,16.98,1,47.87,,,1,1.021,1,1.021,,,,,,,,,92.9,3.98,16
785,50,179,,,3,20,1,39.85,,,1,1.021,3,0.191,,,,,,,,,90.1,2.83,16
786,50,179,,,4,20,1,39.85,,,1,1.021,1,1.021,,,,,,,,,90.1,2.83,16
787,50,179,,,3,24.7,1,35.15,,,1,1.021,3,0.191,,,,,,,,,97.4,1.57,24
788,50,179,,,4,20,1,35.15,,,1,1.021,1,1.021,,,,,,,,,97.4,1.57,24
789,51,20,,,4,7.5,2,50,4,113.5,1,6,1,3,3.85,0.02,5.8,0.37,0.13,,98.18,0.86,93.71,,12
790,51,20,,,4,15,2,50,4,106,1,6,1,3,3.86,0.04,5.8,0.45,0.14,,96.23,1.22,87.69,,12
791,51,20,,,4,22.5,2,50,4,98.5,1,6,1,3,3.86,0.019,5.8,0.52,0.17,,98.05,1.58,82.11,,12
792,51,20,,,10,7.5,2,50,4,113.5,1,6,1,3,3.54,0.04,5.9,0.52,0.27,,98.62,1.51,94.57,,12
793,51,20,,,10,15,2,50,4,106,1,6,1,3,3.85,0.03,5.8,0.49,0.13,,97.59,0.52,88.98,,12
794,51,20,,,10,22.5,2,50,4,98.5,1,6,1,3,3.86,0.03,5.9,0.61,0.13,,100.11,1.78,83.83,,12
795,51,20,,,21,7.5,2,50,4,113.5,1,6,1,3,3.85,0.03,5.8,0.32,0.29,,99.5,0.52,96.72,,12
796,51,20,,,21,15,2,50,4,106,1,6,1,3,3.86,0.02,5.9,0.68,0.17,,98.83,1.04,90.27,,12
797,51,20,,,21,22.5,2,50,4,98.5,1,6,1,3,3.85,0.02,5.8,0.44,0.15,,101.48,0.5,82.54,,12
798,1,200,,,3,40,3,65,3,30,1,10,1,5,4.42,0.06,7.8,0.59,0.057,,99.48,0.45,99.25,0.77,8
799,1,200,,,3,60,3,45,3,30,1,10,1,5,4.41,0.04,7.75,0.63,0.071,,99.22,0.56,96.61,0.98,8
800,1,200,,,3,80,3,25,3,30,1,10,1,5,4.42,0.07,7.7,0.54,0.085,,99.61,0.69,92.41,0.57,8
801,1,200,,,14,40,3,65,3,30,1,10,1,5,4.48,0.08,8.05,0.5,0.1,,100.21,1.09,96.82,0.57,8
802,1,200,,,14,60,3,45,3,30,1,10,1,5,4.39,0.06,7.85,0.34,0.057,,99.78,1.05,92.28,0.82,8
803,1,200,,,14,80,3,25,3,30,1,10,1,5,4.41,0.02,7.65,0.58,0.071,,99.83,1.41,89.05,0.51,8
804,1,200,,,17,40,3,65,3,30,1,10,1,5,4.44,0.08,7.8,0.48,0.071,,100.61,0.35,91.49,0.5,8
805,1,200,,,17,60,3,45,3,30,1,10,1,5,4.43,0.07,7.95,0.55,0.043,,99.88,0.87,87.67,0.44,8
806,1,200,,,17,80,3,25,3,30,1,10,1,5,4.46,0.02,7.85,0.41,0.043,,98.9,0.65,78.31,0.38,8
807,52,250,,,17,120,,,,,,,,,3.48,0.14,6,0.28,0.85,0.29,98.56,0.25,98.61,,10
808,52,250,,,2,120,,,,,,,,,3.49,0.83,6.2,0.62,0.63,0.12,97.35,0.92,97.07,,10
809,52,250,,,40,120,,,,,,,,,3.49,0.67,5.8,0.4,0.53,0.1,98.73,0.37,98.35,,10
810,52,250,,,17,20,,,,,,,,,3.53,0.38,6.1,0.97,0.69,0.87,99.46,0.59,96.84,,12
811,52,250,,,2,40,,,,,,,,,3.53,0.38,6.1,0.97,0.69,0.87,99.46,0.59,96.84,,12
812,52,250,,,40,60,,,,,,,,,3.53,0.38,6.1,0.97,0.69,0.87,99.46,0.59,96.84,,12
813,52,250,,,17,40,,,,,,,,,3.49,0.14,6.1,0.14,0.67,0.19,100.74,0.94,94.57,,12
814,52,250,,,2,60,,,,,,,,,3.49,0.14,6.1,0.14,0.67,0.19,100.74,0.94,94.57,,12
815,52,250,,,40,20,,,,,,,,,3.49,0.14,6.1,0.14,0.67,0.19,100.74,0.94,94.57,,12
816,52,250,,,17,60,,,,,,,,,3.54,0.14,5.7,0.95,0.54,0.26,98.57,0.54,95.14,,12
817,52,250,,,2,20,,,,,,,,,3.54,0.14,5.7,0.95,0.54,0.26,98.57,0.54,95.14,,12
818,52,250,,,40,40,,,,,,,,,3.54,0.14,5.7,0.95,0.54,0.26,98.57,0.54,95.14,,12
819,52,250,,,17,40,,,,,,,,,3.54,0.21,6.3,0.36,0.51,0.66,100.25,0.23,99.26,,12
820,52,250,,,2,40,,,,,,,,,3.54,0.21,6.3,0.36,0.51,0.66,100.25,0.23,99.26,,12
821,52,250,,,40,40,,,,,,,,,3.54,0.21,6.3,0.36,0.51,0.66,100.25,0.23,99.26,,12
822,52,250,,,17,20,,,,,,,,,3.52,0.73,5.7,0.32,0.53,0.43,98.22,0.4,92.73,,12
823,52,250,,,2,60,,,,,,,,,3.52,0.73,5.7,0.32,0.53,0.43,98.22,0.4,92.73,,12
824,52,250,,,40,40,,,,,,,,,3.52,0.73,5.7,0.32,0.53,0.43,98.22,0.4,92.73,,12
825,52,250,,,17,40,,,,,,,,,3.46,0.2,6.1,0.48,0.72,0.19,99.38,0.37,95.06,,12
826,52,250,,,2,20,,,,,,,,,3.46,0.2,6.1,0.48,0.72,0.19,99.38,0.37,95.06,,12
827,52,250,,,40,60,,,,,,,,,3.46,0.2,6.1,0.48,0.72,0.19,99.38,0.37,95.06,,12
828,52,250,,,17,60,,,,,,,,,3.54,0.21,6.3,0.36,0.51,0.66,100.25,0.23,97.56,,12
829,52,250,,,2,40,,,,,,,,,3.54,0.21,6.3,0.36,0.51,0.66,100.25,0.23,97.56,,12
830,52,250,,,40,20,,,,,,,,,3.54,0.21,6.3,0.36,0.51,0.66,100.25,0.23,97.56,,12
831,52,250,,,17,60,,,,,,,,,3.52,0.73,5.7,0.32,0.53,0.43,98.22,0.4,91.25,,12
832,52,250,,,2,60,,,,,,,,,3.52,0.73,5.7,0.32,0.53,0.43,98.22,0.4,91.25,,12
833,52,250,,,17,60,,,,,,,,,3.46,0.2,6.1,0.48,0.72,0.19,99.38,0.37,93.35,,12
834,52,250,,,40,60,,,,,,,,,3.46,0.2,6.1,0.48,0.72,0.19,99.38,0.37,93.35,,12
835,52,250,,,2,60,,,,,,,,,3.49,0.67,5.8,0.4,0.53,0.1,98.73,0.37,88.46,,12
836,52,250,,,40,60,,,,,,,,,3.49,0.67,5.8,0.4,0.53,0.1,98.73,0.37,88.46,,12
837,47,25,,,4,12.5,,,1,5,2,2,2,2,2.43,,6.93,,0.64,,96.72,,97.33,,10
838,47,25,,,4,25,,,1,5,2,2,2,2,2.56,,6.83,,0.58,,97.92,,98.74,,7
839,47,25,,,4,37.5,,,1,5,2,2,2,2,2.53,,6.66,,0.62,,98.42,,97.45,,8
840,47,25,,,4,50,,,1,5,2,2,2,2,2.53,,6.76,,0.53,,96.83,,96.32,,10
841,47,25,,,8,12.5,,,1,5,2,2,2,2,2.5,,6.83,,0.56,,97.65,,99.75,,9
842,47,25,,,8,25,,,1,5,2,2,2,2,2.46,,6.66,,0.61,,96.89,,98.34,,9
843,47,25,,,8,37.5,,,1,5,2,2,2,2,2.43,,6.83,,0.59,,98.22,,97.63,,11
844,47,25,,,8,50,,,1,5,2,2,2,2,2.52,,6.65,,0.58,,96.9,,98.47,,10
845,47,25,,,3,12.5,,,1,5,2,2,2,2,2.52,,6.85,,0.56,,98.8,,98.83,,12
846,47,25,,,3,25,,,1,5,2,2,2,2,2.45,,6.91,,0.62,,97.6,,98.88,,10
847,47,25,,,3,37.5,,,1,5,2,2,2,2,2.55,,6.89,,0.65,,95.2,,98.53,,10
848,47,25,,,3,50,,,1,5,2,2,2,2,2.5,,6.82,,0.603,,96.99,,98.9,,11.05
849,53,50,,,2,100,6,46,,,1,2,1,2,,,6.37,0.05,0.7,,0,1.25,62.38,0.82,12
850,53,50,,,2,50,6,96,,,1,2,1,2,,,6.7,0.1,0.8,,48,1.98,80.59,0.17,12
851,53,50,,,2,25,6,121,,,1,2,1,2,,,6.57,0.15,0.6,,49,1.67,90.33,0.24,12
852,53,50,,,41,100,6,46,,,1,2,1,2,,,6.81,0.1,0.6,,50,1.25,84.96,0.83,12
853,53,50,,,41,50,6,96,,,1,2,1,2,,,6.2,0.1,1.2,,50,0.98,96.61,0.33,12
854,53,50,,,41,25,6,121,,,1,2,1,2,,,6.37,0.12,0.7,,50,0.65,98.64,0.68,10
855,53,50,,,2,100,2,46,,,1,2,1,2,,,6.81,0.08,0.9,,49,0.54,65.59,0.27,12
856,53,50,,,2,50,2,96,,,1,2,1,2,,,6.53,0.06,1.1,,48,0.78,70.48,0.58,12
857,53,50,,,2,25,2,121,,,1,2,1,2,,,6.66,0.15,0.8,,50,0.85,87.32,0.63,12
858,53,50,,,41,100,2,46,,,1,2,1,2,,,6.71,0.12,0.8,,49,0.97,65.78,1.43,12
859,53,50,,,41,50,2,96,,,1,2,1,2,,,6.72,0.11,0.6,,48,0.36,71.96,1.43,12
860,53,50,,,41,25,2,121,,,1,2,1,2,,,6.5,0.1,0.9,,50,0.84,85.5,0.52,12
861,54,20,,,14,25,6,1,,,1,4,1,4,6.8,,4.5,,0.5,,99.76,,98.4,,3
862,54,20,,,14,50,6,1,,,1,4,1,4,6.9,,4.5,,0.51,,99.45,,99.4,,5
863,54,20,,,14,100,6,1,,,1,4,1,4,4.9,,4.4,,0.51,,99.34,,97.3,,8
864,54,20,,,2,25,6,1,,,1,4,1,4,6.9,,4.5,,0.55,,99.87,,97.1,,5
865,54,20,,,2,50,6,1,,,1,4,1,4,6.7,,4.4,,0.56,,99.14,,97.8,,8
866,54,20,,,2,100,6,1,,,1,4,1,4,6.5,,4.5,,0.45,,98.56,,96.1,,12
867,54,20,,,27,25,6,1,,,1,4,1,4,6.4,,4.1,,0.51,,98.42,,98.78,,10
868,54,20,,,27,50,6,1,,,1,4,1,4,6.7,,4.3,,0.49,,99.65,,96.56,,11
869,54,20,,,27,100,6,1,,,1,4,1,4,6.6,,4.5,,0.55,,99.12,,79.97,,12
870,55,200,,,1,100,3,195,,,1,5,,,,,8.5,,0.28,,97.92,,80,,20
871,55,200,,,1,125,3,170,,,1,5,,,,,8.1,,0.59,,98.3,,82,,20
872,55,200,,,1,150,3,145,,,1,5,,,,,7.9,,0.61,,99.01,,95,,20
873,55,200,,,1,75,3,220,,,1,5,,,,,8.3,,0.64,,100.5,,84,,20
874,55,200,,,6,100,3,195,,,1,5,,,,,8.2,,0.54,,98.9,,87,,20
875,55,200,,,6,150,3,145,,,1,5,,,,,8.1,,0.7,,101.02,,78,,20
876,55,200,,,18,100,3,195,,,1,5,,,,,8.4,,0.76,,99.6,,82,,20
877,55,200,,,18,150,3,145,,,1,5,,,,,8.3,,0.87,,100.01,,86,,20
878,56,200,,,4,50,4,100,,,1,1,1,1,,,,,,,,,99.09,,7
879,56,200,,,4,50,10,100,,,1,1,1,1,,,,,,,,,99.09,,7
880,56,200,,,4,100,4,100,,,1,1,1,1,,,,,,,,,93.18,,8
881,56,200,,,4,100,10,100,,,1,1,1,1,,,,,,,,,93.18,,8
882,56,200,,,4,150,4,100,,,1,1,1,1,,,,,,,,,96.3,,9
883,56,200,,,4,150,10,100,,,1,1,1,1,,,,,,,,,96.3,,9
884,56,200,,,4,200,4,100,,,1,1,1,1,,,,,,,,,98.81,,12
885,56,200,,,4,200,10,100,,,1,1,1,1,,,,,,,,,98.81,,12
886,56,200,,,4,100,4,100,,,1,1,1,1,,,,,,,,,95.65,,8
887,56,200,,,42,50,10,100,,,1,1,1,1,,,,,,,,,95.65,,8
888,56,200,,,4,100,4,100,,,1,1,1,1,,,,,,,,,97.09,,8
889,56,200,,,42,100,10,100,,,1,1,1,1,,,,,,,,,97.09,,8
890,56,200,,,4,100,4,100,,,1,1,1,1,,,,,,,,,98.12,,8
891,56,200,,,42,150,10,100,,,1,1,1,1,,,,,,,,,98.12,,8
892,56,200,,,4,100,4,100,,,1,1,1,1,,,,,,,,,98.59,,8
893,56,200,,,42,200,10,100,,,1,1,1,1,,,,,,,,,98.59,,8
894,56,200,,,3,50,4,100,,,1,1,1,1,,,,,,,,,98.66,,9
895,56,200,,,3,50,10,100,,,1,1,1,1,,,,,,,,,98.66,,9
896,56,200,,,3,100,4,100,,,1,1,1,1,,,,,,,,,97.01,,10
897,56,200,,,3,100,10,100,,,1,1,1,1,,,,,,,,,97.01,,10
898,56,200,,,3,150,4,100,,,1,1,1,1,,,,,,,,,99.12,,12
899,56,200,,,3,150,10,100,,,1,1,1,1,,,,,,,,,99.12,,12
900,56,200,,,3,200,4,100,,,1,1,1,1,,,,,,,,,94.07,,12
901,56,200,,,3,200,10,100,,,1,1,1,1,,,,,,,,,94.07,,12
902,56,200,,,3,50,4,100,,,1,1,1,1,,,,,,,,,99.92,,7
903,56,200,,,12,50,10,100,,,1,1,1,1,,,,,,,,,99.92,,7
904,56,200,,,12,100,4,100,,,1,1,1,1,,,,,,,,,97.62,,8
905,56,200,,,12,100,10,100,,,1,1,1,1,,,,,,,,,97.62,,8
906,56,200,,,12,150,4,100,,,1,1,1,1,,,,,,,,,99.85,,9
907,56,200,,,12,150,10,100,,,1,1,1,1,,,,,,,,,99.85,,9
908,56,200,,,12,200,4,100,,,1,1,1,1,,,,,,,,,98.2,,12
909,56,200,,,12,200,10,100,,,1,1,1,1,,,,,,,,,98.2,,12
910,56,200,,,11,50,4,100,,,1,1,1,1,,,,,,,,,67.69,,12
911,56,200,,,11,50,10,100,,,1,1,1,1,,,,,,,,,67.69,,12
912,56,200,,,11,100,4,100,,,1,1,1,1,,,,,,,,,65.36,,12
913,56,200,,,11,100,10,100,,,1,1,1,1,,,,,,,,,65.36,,12
914,56,200,,,11,150,4,100,,,1,1,1,1,,,,,,,,,59.19,,12
915,56,200,,,11,150,10,100,,,1,1,1,1,,,,,,,,,59.19,,12
916,56,200,,,11,200,4,100,,,1,1,1,1,,,,,,,,,56.1,,12
917,56,200,,,11,200,10,100,,,1,1,1,1,,,,,,,,,56.1,,12
918,56,200,,,43,50,4,100,,,1,1,1,1,,,,,,,,,98.49,,9
919,56,200,,,43,50,10,100,,,1,1,1,1,,,,,,,,,98.49,,9
920,56,200,,,43,100,4,100,,,1,1,1,1,,,,,,,,,98.57,,10
921,56,200,,,43,100,10,100,,,1,1,1,1,,,,,,,,,98.57,,10
922,56,200,,,43,150,4,100,,,1,1,1,1,,,,,,,,,97.06,,12
923,56,200,,,43,150,10,100,,,1,1,1,1,,,,,,,,,97.06,,12
924,56,200,,,43,200,4,100,,,1,1,1,1,,,,,,,,,87.29,,12
925,56,200,,,43,200,10,100,,,1,1,1,1,,,,,,,,,87.29,,12
926,57,100,,,1,40,3,54,,,1,4,1,2,,,5.5,,0.35,,101.7,,86.76,,12
927,57,100,,,1,60,3,34,,,1,4,1,2,,,5,,0.43,,99.43,,81.17,,12
928,57,100,,,1,80,3,14,,,1,4,1,2,,,5.5,,0.57,,98.78,,61.01,,12
929,57,100,,,6,40,3,54,,,1,4,1,2,,,6,,0.32,,101.7,,72.17,,12
930,57,100,,,6,60,3,34,,,1,4,1,2,,,5,,0.38,,99.3,,60.02,,12
931,57,100,,,6,80,3,14,,,1,4,1,2,,,5,,0.65,,99.78,,50.65,,12
932,58,20,,,11,10,1,153,,,1,4,1,3,2.91,,5.1,,0.19,,98.15,,95.75,,10
933,58,20,,,11,20,1,143,,,1,4,1,3,2.45,,5.8,,0.26,,99.78,,93.82,,12
934,58,20,,,11,30,1,133,,,1,4,1,3,2.36,,5,,0.54,,98.61,,91.2,,12
935,58,20,,,11,40,1,123,,,1,4,1,3,2.45,,5.9,,0.61,,99.36,,95.48,,12
936,58,20,,,11,50,1,113,,,1,4,1,3,2.48,,5.2,,0.33,,97.81,,89.67,,12
937,58,20,,,11,60,1,103,,,1,4,1,3,2.61,,5.7,,0.45,,99.28,,72.3,,12
938,58,20,,,43,10,1,153,,,1,4,1,3,2.15,,5.3,,0.36,,100.2,,97.49,,10
939,58,20,,,43,20,1,143,,,1,4,1,3,2.61,,5.8,,0.57,,99.2,,98.75,,11
940,58,20,,,43,30,1,133,,,1,4,1,3,2.19,,5.9,,0.62,,98.37,,96.98,,10
941,58,20,,,43,40,1,123,,,1,4,1,3,2.38,,5.3,,0.55,,98.54,,98.96,,12
942,58,20,,,43,50,1,113,,,1,4,1,3,2.56,,5.7,,0.62,,99.78,,95.41,,10
943,58,20,,,43,60,1,103,,,1,4,1,3,2.61,,5.2,,0.35,,99.91,,96.76,,12
944,59,100,,,17,30,1,115,,,1,2.5,1,2.5,3.48,0.14,6,0.28,0.85,0.29,98.56,0.25,91.83,,10
945,59,100,,,17,60,1,85,,,1,2.5,1,2.5,3.49,0.83,6.2,0.62,0.63,0.12,97.35,0.92,93.38,,11
946,59,100,,,40,30,1,115,,,1,2.5,1,2.5,3.49,0.67,5.8,0.4,0.53,0.1,98.73,0.37,90.89,,10
947,59,100,,,40,60,1,85,,,1,2.5,1,2.5,3.53,0.38,6.1,0.97,0.69,0.87,99.46,0.59,92.01,,11
948,59,100,,,5,30,1,115,,,1,2.5,1,2.5,3.49,0.14,6.1,0.14,0.67,0.19,100.74,0.94,91.25,,10
949,59,100,,,5,60,1,85,,,1,2.5,1,2.5,3.54,0.14,5.7,0.95,0.54,0.26,98.57,0.54,92.96,,11
950,59,100,,,17,30,1,85,,,1,2.5,1,2.5,3.54,0.21,6.3,0.36,0.51,0.66,100.25,0.23,89.56,,12
951,59,100,,,5,30,1,85,,,1,2.5,1,2.5,3.54,0.21,6.3,0.36,0.51,0.66,100.25,0.23,89.56,,12
952,59,100,,,17,60,1,55,,,1,2.5,1,2.5,3.52,0.73,5.7,0.32,0.53,0.43,98.22,0.4,84.25,,12
953,59,100,,,5,30,1,55,,,1,2.5,1,2.5,3.52,0.73,5.7,0.32,0.53,0.43,98.22,0.4,84.25,,12
954,59,100,,,40,30,1,85,,,1,2.5,1,2.5,3.46,0.2,6.1,0.48,0.72,0.19,99.38,0.37,99.82,,12
955,59,100,,,5,30,1,85,,,1,2.5,1,2.5,3.46,0.2,6.1,0.48,0.72,0.19,99.38,0.37,99.82,,12
956,59,100,,,40,60,1,55,,,1,2.5,1,2.5,3.54,0.21,6.3,0.36,0.51,0.66,100.25,0.23,93.69,,12
957,59,100,,,5,30,1,55,,,1,2.5,1,2.5,3.54,0.21,6.3,0.36,0.51,0.66,100.25,0.23,93.69,,12
958,60,100,,,11,30,1,1.5,4,5,1,1.5,1,0.6,,,8.56,0.31,0.21,,98.25,1.37,48.3,2.4,24
959,60,100,,,38,30,1,2,4,5,1,1.8,1,5.5,,,5.34,0.71,0.17,,95.28,0.8,49.3,1.7,24
960,60,100,,,39,30,1,6.5,4,5,1,2,1,7,,,7.53,0.25,0.19,,99.12,2.47,47.3,2.2,24
961,60,100,,,21,4.25,6,55.15,,,1,1.7,3,0.4,,,9.53,0.75,0.13,,101.22,0.88,52.3,1.8,24
962,60,100,,,39,8.5,6,55.15,,,1,1.7,3,0.4,,,9.53,0.75,0.13,,101.22,0.88,52.3,1.8,24
963,60,100,,,21,8.5,6,54.3,,,1,1.7,3,0.6,,,7.63,0.84,0.22,,100.24,1.25,40.7,1.7,24
964,60,100,,,26,5.3,6,54.3,,,1,1.7,3,0.6,,,7.63,0.84,0.22,,100.24,1.25,40.7,1.7,24
965,60,100,,,21,7.5,6,54.2,,,1,1.5,3,0.8,,,7.13,0.25,0.16,,95.35,1.14,60.4,1.7,24
966,60,100,,,1,5.5,6,54.2,,,1,1.5,3,0.8,,,7.13,0.25,0.16,,95.35,1.14,60.4,1.7,24
967,60,100,,,4,40,1,1.6,,,1,1.5,1,0.6,,,8.24,0.61,0.18,,96.34,2.18,52.2,1.7,24
968,60,100,,,7,40,1,1.6,,,1,1.5,1,0.6,,,,,,,,,55.8,2.3,24
969,61,200,,,1,200,3,95,,,1,5,,,2.92,0.55,2.7,0.32,0.42,0.02,99.61,0.45,99,,9
970,61,200,,,14,200,3,95,,,1,5,,,2.73,0.24,3.2,0.33,0.49,0.01,101.31,0.25,101.44,,6
971,61,200,,,21,200,3,95,,,1,5,,,2.83,0.32,3.3,0.65,0.51,0.04,99.54,0.55,99.8,,11
972,61,200,,,1,100,3,95,,,1,5,,,2.9,0.33,3.28,0.69,0.4,0.05,99.79,0.58,101.75,,9
973,61,200,,,14,100,3,95,,,1,5,,,2.9,0.33,3.28,0.69,0.4,0.05,99.79,0.58,101.75,,9
974,61,200,,,1,100,3,95,,,1,5,,,2.96,0.85,3.3,0.58,0.39,0.03,99.82,0.54,102.15,,12
975,61,200,,,21,100,3,95,,,1,5,,,2.96,0.85,3.3,0.58,0.39,0.03,99.82,0.54,102.15,,12
976,61,200,,,14,100,3,95,,,1,5,,,2.83,0.55,2.9,0.22,0.48,0.02,99.44,0.06,100.99,,11
977,61,200,,,21,100,3,95,,,1,5,,,2.83,0.55,2.9,0.22,0.48,0.02,99.44,0.06,100.99,,11
978,61,200,,,1,50,3,95,,,1,5,,,2.94,0.24,2.8,0.55,0.56,0.03,99.31,0.41,99.89,,11
979,61,200,,,14,50,3,95,,,1,5,,,2.94,0.24,2.8,0.55,0.56,0.03,99.31,0.41,99.89,,11
980,61,200,,,21,100,3,95,,,1,5,,,2.94,0.24,2.8,0.55,0.56,0.03,99.31,0.41,99.89,,11
981,61,200,,,1,50,3,95,,,1,5,,,2.98,0.63,2.8,0.51,0.47,0.02,99.48,0.52,99.78,,9
982,61,200,,,14,100,33,95,,,1,5,,,2.98,0.63,2.8,0.51,0.47,0.02,99.48,0.52,99.78,,9
983,61,200,,,21,50,3,95,,,1,5,,,2.98,0.63,2.8,0.51,0.47,0.02,99.48,0.52,99.78,,9
984,61,200,,,1,100,3,95,,,1,5,,,3.1,0.66,3.1,0.69,0.46,0.01,100.11,0.44,100.97,,9
985,61,200,,,14,50,3,95,,,1,5,,,3.1,0.66,3.1,0.69,0.46,0.01,100.11,0.44,100.97,,9
986,61,200,,,21,50,3,95,,,1,5,,,3.1,0.66,3.1,0.69,0.46,0.01,100.11,0.44,100.97,,9
987,62,1092,,,5,366,3,22,,,1,30,4,40,7.4,,23.93,,,,,,94.24,,12
988,62,1092,,,5,360,3,22,,,1,30,4,46,7.3,,23.55,,,,,,94.98,,12
989,62,1092,,,5,350,3,22,,,1,30,4,52,7.4,,23.79,,,,,,95.94,,12
990,62,1092,,,5,340,3,22,,,1,30,4,52,7.5,,22.52,,,,,,96.24,,12
991,62,1092,,,5,326,3,25,,,1,18,4,60,7.6,,22.23,,,,,,96.88,,12
992,62,1092,,,5,300,3,40,,,1,18,4,60,7.4,,22.05,,,,,,99.24,,12
993,1,200,,,15,8,3,42,,,1,1.25,1,1.25,,,6,,0.77,0.073,98.89,0.027,96.69,0.33,10
994,1,200,,,15,12,3,38,,,1,1.25,1,1.25,,,6,,0.44,0.076,98.76,0.346,98.59,0.47,24
995,1,200,,,15,16,3,34,,,1,1.25,1,1.25,,,6,,0.5,0.098,98.26,0.34,98.9,0.52,24
996,1,200,,,15,20,3,30,,,1,1.25,1,1.25,,,6,,0.56,0.073,97.26,0.875,95.85,0.58,12
997,1,200,,,15,24,3,26,,,1,1.25,1,1.25,,,6,,0.55,0.07,97.96,0.017,98.4,0.21,24
998,1,200,,,24,8,3,42,,,1,1.25,1,1.25,,,6,,0.43,0.098,98.13,0.112,98.97,0.21,10
999,1,200,,,24,12,3,38,,,1,1.25,1,1.25,,,6,,0.72,0.049,97.46,0.741,98.09,0.47,12
1000,1,200,,,24,16,3,34,,,1,1.25,1,1.25,,,6,,0.75,0.024,96.52,0.872,98.64,0.53,24
1001,1,200,,,24,20,3,30,,,1,1.25,1,1.25,,,6,,0.46,0.09,96.52,0.765,98.1,0.47,24
1002,1,200,,,24,24,3,26,,,1,1.25,1,1.25,,,6,,0.76,0.049,97.89,0.215,97.7,0.46,24
1003,63,200,,,11,176,4,20,,,1,4,,,5.24,0.02,6.67,0.12,0.06,,99.49,,34.2,,24
1004,63,200,,,35,176,4,20,,,1,4,,,5.2,0.01,6.73,0.31,0.04,,101.24,,100.2,,24
1005,63,200,,,11,180,4,20,,,1,4,,,5.24,0.01,6.93,0.21,0.03,,100.32,,39.9,,24
1006,63,200,,,35,58,4,20,,,1,4,,,5.24,0.01,6.93,0.21,0.03,,100.32,,39.9,,24
1007,63,200,,,11,98,4,20,,,1,4,,,5.23,0.02,6.5,0.5,0.09,,100.87,,52.46,,24
1008,63,200,,,35,78,4,20,,,1,4,,,5.23,0.02,6.5,0.5,0.09,,100.87,,52.46,,24
1009,63,200,,,11,78,4,20,,,1,4,,,5.2,0.02,7.03,0.035,0.02,,98.87,,79.38,,24
1010,63,200,,,35,98,4,20,,,1,4,,,5.2,0.02,7.03,0.035,0.02,,98.87,,79.38,,24
1011,63,200,,,11,58,4,20,,,1,4,,,5.23,0.01,7.33,0.21,0.04,,100.05,,86.39,,24
1012,63,200,,,35,118,4,20,,,1,4,,,5.23,0.01,7.33,0.21,0.04,,100.05,,86.39,,24
1013,63,200,,,11,38,4,20,,,1,4,,,5.2,0.02,7.1,0.2,0.03,,98.99,,100,,24
1014,63,200,,,35,138,4,20,,,1,4,,,5.2,0.02,7.1,0.2,0.03,,98.99,,100,,24
1015,63,200,,,11,18,4,20,,,1,4,,,5.17,0.02,6.8,0.44,0.08,,100.64,,101.1,,24
1016,63,200,,,35,158,4,20,,,1,4,,,5.17,0.02,6.8,0.44,0.08,,100.64,,101.1,,24
1017,63,200,,,11,138,4,20,,,1,4,,,5.14,0.01,6.5,0.17,0.06,,99.45,,37.22,,24
1018,63,200,,,35,38,4,20,,,1,4,,,5.14,0.01,6.5,0.17,0.06,,99.45,,37.22,,24
1019,63,200,,,11,158,4,20,,,1,4,,,5.16,0.01,6.5,0.17,0.05,,98.56,,35.94,,24
1020,63,200,,,35,18,4,20,,,1,4,,,5.16,0.01,6.5,0.17,0.05,,98.56,,35.94,,24
1021,64,200,,,5,100,3,195,,,1,3,1,2,3.03,0.06,8.9,1.4,0.12,0.2,95.01,0.2,85.29,,12
1022,64,200,,,5,200,3,95,,,1,3,1,2,3.06,0.01,7.4,1.2,0.16,0.23,96.4,0.4,84.19,,12
1023,64,200,,,21,100,3,195,,,1,3,1,2,3.05,0.04,8.2,1.2,0.15,0.19,98.7,0.3,100,,10
1024,64,200,,,21,200,3,95,,,1,3,1,2,3.03,0.01,6.9,0.9,0.15,0.26,98.8,0.2,100,,10
1025,64,200,,,15,100,3,195,,,1,3,1,2,3.01,0.02,8.4,1.9,0.15,0.22,99.8,0.3,100,,10
1026,64,200,,,15,200,3,95,,,1,3,1,2,3.05,0.03,8.1,1.7,0.12,0.1,99.19,0.2,100,,10
1027,65,60,,,44,60,2,215,1,10,1,4,3,1,4.45,0.11,5.1,0.12,0.191,,97,0.24,97.84,,6
1028,65,60,,,44,70,2,205,1,10,1,4,3,1,4.5,0.04,5.5,0.24,0.29,,98.9,0.22,98.52,,8
1029,65,60,,,44,80,2,195,1,10,1,4,3,1,4.49,0.05,5.8,0.21,0.146,,97.86,0.34,98.18,,10
1030,65,60,,,4,60,2,215,1,10,1,4,3,1,4.45,0.12,5.2,0.23,0.149,,98.75,0.32,99.2,,6
1031,65,60,,,4,70,2,205,1,10,1,4,3,1,4.46,0.03,5.9,0.12,0.145,,96.26,0.46,97.84,,8
1032,65,60,,,4,80,2,195,1,10,1,4,3,1,4.54,0.23,6.1,0.14,0.191,,98.45,0.26,98.18,,12
1033,65,60,,,44,30,2,215,1,10,1,4,3,1,4.52,0.2,5.2,0.18,0.193,,98,0.28,98.18,,8
1034,65,60,,,4,30,2,215,1,10,1,4,3,1,4.52,0.2,5.2,0.18,0.193,,98,0.28,98.18,,8
1035,65,60,,,44,30,2,205,1,10,1,4,3,1,4.51,0.12,5.4,0.22,0.146,,99.72,0.3,97.84,,8
1036,65,60,,,4,40,2,205,1,10,1,4,3,1,4.51,0.12,5.4,0.22,0.146,,99.72,0.3,97.84,,8
1037,65,60,,,44,30,2,195,1,10,1,4,3,1,4.53,0.3,6.1,0.21,0.191,,98.82,0.34,99.2,,12
1038,65,60,,,4,50,2,195,1,10,1,4,3,1,4.53,0.3,6.1,0.21,0.191,,98.82,0.34,99.2,,12
1039,22,25,,,5,30,1,54,3,15,1,6,1,10,2.84,0.02,3.3,0.2,0.67,0.02,,,59.57,,8
1040,22,25,,,17,30,1,54,3,15,1,6,1,10,2.84,0.02,3.3,0.2,0.67,0.02,,,59.57,,8
1041,22,25,,,21,30,1,54,3,15,1,6,1,10,2.84,0.02,3.3,0.2,0.67,0.02,,,59.57,,8
1042,22,25,,,5,30,1,44,3,15,1,6,1,10,2.8,0.04,3.2,0.05,0.5,0.12,,,60.31,,8
1043,22,25,,,17,30,1,44,3,15,1,6,1,10,2.8,0.04,3.2,0.05,0.5,0.12,,,60.31,,8
1044,22,25,,,21,40,1,44,3,15,1,6,1,10,2.8,0.04,3.2,0.05,0.5,0.12,,,60.31,,8
1045,22,25,,,5,30,1,34,3,15,1,6,1,10,2.83,0.08,2.9,0.05,0.63,0.05,,,64.73,,8
1046,22,25,,,17,30,1,34,3,15,1,6,1,10,2.83,0.08,2.9,0.05,0.63,0.05,,,64.73,,8
1047,22,25,,,21,50,1,34,3,15,1,6,1,10,2.83,0.08,2.9,0.05,0.63,0.05,,,64.73,,8
1048,22,25,,,5,30,1,44,3,15,1,6,1,10,2.82,0.15,3.9,0.23,0.72,1.35,,,90.75,,8
1049,22,25,,,17,40,1,44,3,15,1,6,1,10,2.82,0.15,3.9,0.23,0.72,1.35,,,90.75,,8
1050,22,25,,,21,30,1,44,3,15,1,6,1,10,2.82,0.15,3.9,0.23,0.72,1.35,,,90.75,,8
1051,22,25,,,5,30,1,34,3,15,1,6,1,10,2.7,0.07,2.9,0.11,0.59,0.13,,,71.05,,8
1052,22,25,,,17,40,1,34,3,15,1,6,1,10,2.7,0.07,2.9,0.11,0.59,0.13,,,71.05,,8
1053,22,25,,,21,40,1,34,3,15,1,6,1,10,2.7,0.07,2.9,0.11,0.59,0.13,,,71.05,,8
1054,22,25,,,5,30,1,24,3,15,1,6,1,10,2.68,0.19,3.2,0.15,0.82,0.01,,,80.21,,8
1055,22,25,,,17,40,1,24,3,15,1,6,1,10,2.68,0.19,3.2,0.15,0.82,0.01,,,80.21,,8
1056,22,25,,,21,50,1,24,3,15,1,6,1,10,2.68,0.19,3.2,0.15,0.82,0.01,,,80.21,,8
1057,22,25,,,5,30,1,34,3,15,1,6,1,10,2.74,0.21,3.1,0.25,0.68,0.16,,,85.78,,8
1058,22,25,,,17,50,1,34,3,15,1,6,1,10,2.74,0.21,3.1,0.25,0.68,0.16,,,85.78,,8
1059,22,25,,,21,30,1,34,3,15,1,6,1,10,2.74,0.21,3.1,0.25,0.68,0.16,,,85.78,,8
1060,22,25,,,5,30,1,24,3,15,1,6,1,10,2.77,0.06,2.8,0.11,0.59,0.1,,,93.47,,8
1061,22,25,,,17,50,1,24,3,15,1,6,1,10,2.77,0.06,2.8,0.11,0.59,0.1,,,93.47,,8
1062,22,25,,,21,40,1,24,3,15,1,6,1,10,2.77,0.06,2.8,0.11,0.59,0.1,,,93.47,,8
1063,22,25,,,5,30,1,14,3,15,1,6,1,10,2.8,0.26,3.3,0.45,0.67,0.17,,,88.42,,8
1064,22,25,,,17,50,1,14,3,15,1,6,1,10,2.8,0.26,3.3,0.45,0.67,0.17,,,88.42,,8
1065,22,25,,,21,50,1,14,3,15,1,6,1,10,2.8,0.26,3.3,0.45,0.67,0.17,,,88.42,,8
1066,66,100,,,4,35,1,90,,,2,8,2,3,3.31,0.1,9,,0.271,,99.32,0.33,97.53,,2
1067,66,100,,,4,35,11,60,,,2,8,2,3,3.31,0.1,9,,0.271,,99.32,0.33,97.53,,2
1068,66,100,,,4,55,1,80,,,2,8,2,3,3.28,0.1,9,,0.152,,98.38,0.42,92.93,,2
1069,66,100,,,4,55,11,48,,,2,8,2,3,3.28,0.1,9,,0.152,,98.38,0.42,92.93,,2
1070,66,100,,,4,35,1,90,,,2,8,2,3,3.3,0.2,9,,0.259,,99.18,0.68,98.31,,8
1071,66,100,,,3,12,11,46,,,2,8,2,3,3.3,0.2,9,,0.259,,99.18,0.68,98.31,,8
1072,66,100,,,4,30,1,80,,,2,8,2,3,3.2,0.2,9,,0.18,,99.69,0.45,93.72,,10
1073,66,100,,,3,25,11,48,,,2,8,2,3,3.2,0.2,9,,0.18,,99.69,0.45,93.72,,10
1074,65,10,,,12,3.6,4,98,1,6,3,2.4,,,4.6,,5.5,,0.11,,,,96.07,,14
1075,65,10,,,12,7.2,4,94.4,1,6,3,2.4,,,4.71,,5.4,,0.06,,,,96.9,,14
1076,65,10,,,12,10.8,4,90.8,1,6,3,2.4,,,4.9,,5.4,,0.02,,,,96.62,,14
1077,65,10,,,12,14.4,4,87.2,1,6,3,2.4,,,4.1,,6,,0.04,,,,89.44,,14
1078,65,10,,,9,3.6,4,98,1,6,3,2.4,,,4.9,,5.1,,0.14,,,,97.17,,14
1079,65,10,,,9,7.2,4,94.4,1,6,3,2.4,,,4.56,,5.4,,0.06,,,,98.28,,14
1080,65,10,,,9,10.8,4,90.8,1,6,3,2.4,,,4.44,,5.5,,0.16,,,,83.92,,14
1081,65,10,,,9,14.4,4,87.2,1,6,3,2.4,,,4.7,,5.5,,0.41,,,,99.11,,14
1082,65,10,,,12,3.6,4,94.4,1,6,3,2.4,,,4.8,,5.6,,0.14,,,,99.38,,14
1083,65,10,,,9,3.6,4,94.4,1,6,3,2.4,,,4.8,,5.6,,0.14,,,,99.38,,14
1084,67,395,,,21,5,1,40,1,7,1,3,,,3.1,,5,,0.21,,99.71,,52.6,,6
1085,67,395,,,5,70,1,40,1,7,1,3,,,3.1,,5,,0.21,,99.71,,52.6,,6
1086,67,395,,,21,5,1,40,1,7,1,3,,,3,,4.9,,0.43,,98.88,,56.44,,6
1087,67,395,,,5,53,1,40,1,7,1,3,,,3,,4.9,,0.43,,98.88,,56.44,,6
1088,67,395,,,21,5,1,40,1,7,1,3,,,2.9,,4.9,,0.28,,100.1,,64.11,,6
1089,67,395,,,5,44,1,40,1,7,1,3,,,2.9,,4.9,,0.28,,100.1,,64.11,,6
1090,67,395,,,21,5,1,40,1,7,1,3,,,2.9,,5,,0.3,,99.38,,94.91,,6
1091,67,395,,,5,28,1,40,1,7,1,3,,,2.9,,5,,0.3,,99.38,,94.91,,6
1092,67,395,,,21,5,1,40,1,7,1,3,,,3,,5.5,,0.47,,98.77,,99.9,,6
1093,67,395,,,4,35,1,40,1,7,1,3,,,3,,5.5,,0.47,,98.77,,99.9,,6
1094,67,395,,,21,5,1,40,1,7,1,3,,,3,,5,,0.49,,99.73,,97.81,,6
1095,67,395,,,3,35,1,40,1,7,1,3,,,3,,5,,0.49,,99.73,,97.81,,6
1096,67,395,,,21,5,1,40,1,7,1,3,,,3,,5,,0.51,,98.23,,100,,6
1097,67,395,,,3,32,1,40,1,7,1,3,,,3,,5,,0.51,,98.23,,100,,6
1098,67,395,,,21,5,1,40,1,7,1,3,,,3,,4.9,,0.16,,99.37,,100,,4
1099,67,395,,,12,35,1,40,1,7,1,3,,,3,,4.9,,0.16,,99.37,,100,,4
1100,67,395,,,21,5,1,40,1,7,1,3,,,3,,4.9,,0.21,,98.97,,100,,6
1101,67,395,,,12,45,1,40,1,7,1,3,,,3,,4.9,,0.21,,98.97,,100,,6
1102,67,395,,,21,5,1,40,1,7,1,3,,,3.1,,5,,0.19,,99.18,,100,,6
1103,67,395,,,12,100,1,40,1,7,1,3,,,3.1,,5,,0.19,,99.18,,100,,6
1104,67,395,,,15,50,1,40,1,7,1,3,,,3,,5,,0.19,,99.18,,79.67,,6
1105,67,395,,,15,20,1,40,1,7,1,3,,,3,,5,,0.24,,99.92,,99.97,,6
1106,67,395,,,15,30,1,40,1,7,1,3,,,2.9,,5,,0.18,,99.74,,100,,6
1107,67,395,,,15,35,1,40,1,7,1,3,,,2.9,,5,,0.25,,100.03,,100.98,,6
1108,67,395,,,24,45,1,40,1,7,1,3,,,2.9,,5,,0.16,,99.25,,84.48,,6
1109,67,395,,,24,30,1,40,1,7,1,3,,,3.9,,5,,0.14,,98.58,,99.04,,6
1110,67,395,,,24,35,1,40,1,7,1,3,,,2.9,,5,,0.22,,99.47,,99.26,,6
1111,67,395,,,9,45,1,40,1,7,1,3,,,2.9,,5,,0.71,,100.08,,100,,4
1112,67,395,,,9,80,1,40,1,7,1,3,,,3,,4.9,,0.21,,99.22,,99.45,,5
1113,67,395,,,9,100,1,40,1,7,1,3,,,3.1,,5,,0.62,,98.81,,100.09,,6
1114,67,395,,,39,45,1,40,1,7,1,3,,,2.9,,4.9,,0.26,,99.18,,79.14,,6
1115,67,395,,,39,15,1,40,1,7,1,3,,,2.9,,5,,0.58,,99.66,,99.58,,6
1116,67,395,,,38,45,1,40,1,7,1,3,,,2.9,,5,,0.65,,98.22,,73.8,,6
1117,67,395,,,38,20,1,40,1,7,1,3,,,2.9,,5,,0.53,,98.73,,99.93,,6
1118,68,100,,,2,100,13,115,4,21,1,7,1,7,4.4,,5.51,,0.55,,99.5,,75.95,,12
1119,68,100,,,2,150,13,65,4,21,1,7,1,7,4,,5.8,,0.59,,98.6,,98.87,,12
1120,68,100,,,2,200,13,15,4,21,1,7,1,7,4.3,,5.93,,0.61,,100.02,,84.81,,12
1121,68,100,,,45,100,13,115,4,21,1,7,1,7,4.1,,6.2,,0.58,,99.59,,69.58,,12
1122,68,100,,,45,150,13,65,4,21,1,7,1,7,4.5,,6.11,,0.63,,99.38,,80.27,,12
1123,68,100,,,45,200,13,15,4,21,1,7,1,7,4.2,,6.35,,0.76,,99.05,,71.47,,12
1124,68,100,,,42,100,13,115,4,21,1,7,1,7,4.6,,6.41,,0.7,,99.6,,84.77,,12
1125,68,100,,,42,150,13,65,4,21,1,7,1,7,4.3,,6.44,,0.66,,102.06,,74.29,,12
1126,68,100,,,42,200,13,15,4,21,1,7,1,7,4.1,,6.68,,0.53,,100.62,,80.11,,12
1127,68,100,,,28,100,13,115,4,21,1,7,1,7,4.2,,6.71,,0.71,,99.5,,88.35,,12
1128,68,100,,,28,150,13,65,4,21,1,7,1,7,4.6,,6.89,,0.69,,100.02,,86.78,,12
1129,68,100,,,28,200,13,15,4,21,1,7,1,7,4.1,,6.91,,0.68,,101.01,,76.74,,12
1130,45,15,,,3,15,4,59,1,5,1,2,3,4,2.76,0.01,4.5,0.7,0.42,,99,0.12,99.56,1.25,7
1131,45,15,,,3,30,4,44,1,5,1,2,3,4,2.74,0.04,4.2,0.5,0.341,,99,0.3,87.73,0.77,8
1132,45,15,,,3,45,4,29,1,5,1,2,3,4,2.71,0.01,3.6,0.6,0.363,,100,0.1,59.56,0.98,8
1133,45,15,,,5,15,4,59,1,5,1,2,3,4,2.8,0.06,4.8,0.5,0.561,,100,0.3,90.9,0.75,8
1134,45,15,,,5,30,4,44,1,5,1,2,3,4,2.81,0.04,3.8,0.4,0.482,,99,0.6,72.73,0.79,8
1135,45,15,,,5,45,4,29,1,5,1,2,3,4,2.74,0.05,4.4,0.6,0.513,,99,0.4,60.4,0.84,8
1136,45,15,,,28,15,4,59,1,5,1,2,3,4,2.76,0.03,5,0.1,0.412,,98,0.9,98.23,0.58,7
1137,45,15,,,28,30,4,44,1,5,1,2,3,4,2.71,0.04,4.6,0.2,0.432,,99,0.1,92.06,0.89,8
1138,45,15,,,28,45,4,29,1,5,1,2,3,4,2.73,0.03,4,0.3,0.512,,100,0.1,70.4,0.75,8
1139,45,15,,,3,7.5,4,54,1,5,1,2,3,4,2.95,0.02,4.2,0.6,0.523,,99,0.3,98.91,0.95,7
1140,45,15,,,28,7.5,4,54,1,5,1,2,3,4,2.95,0.02,4.2,0.6,0.523,,99,0.3,98.91,0.95,7
1141,45,15,,,3,15,4,49,1,5,1,2,3,4,2.74,0.04,3.8,0.5,0.531,,99,0.1,94.9,0.67,8
1142,45,15,,,28,15,4,49,1,5,1,2,3,4,2.74,0.04,3.8,0.5,0.531,,99,0.1,94.9,0.67,8
1143,45,15,,,3,22.5,4,29,1,5,1,2,3,4,2.78,0.01,4.5,0.4,0.432,,99,0.2,70.4,0.79,8
1144,45,15,,,28,22.5,4,29,1,5,1,2,3,4,2.78,0.01,4.5,0.4,0.432,,99,0.2,70.4,0.79,8
1145,45,15,,,3,7.5,4,54,1,5,1,2,3,4,2.8,0.01,4.6,0.3,0.39,,99,0.1,91.06,0.56,8
1146,45,15,,,28,7.5,4,54,1,5,1,2,3,4,2.8,0.01,4.6,0.3,0.39,,99,0.1,91.06,0.56,8
1147,45,15,,,3,15,4,49,1,5,1,2,3,4,2.81,0.06,4.2,0.6,0.382,,100,0.6,64.4,0.46,8
1148,45,15,,,28,15,4,49,1,5,1,2,3,4,2.81,0.06,4.2,0.6,0.382,,100,0.6,64.4,0.46,8
1149,45,15,,,3,22.5,4,29,1,5,1,2,3,4,2.79,0.04,4,0.3,0.463,,99,0.8,49.9,0.82,8
1150,45,15,,,28,22.5,4,29,1,5,1,2,3,4,2.79,0.04,4,0.3,0.463,,99,0.8,49.9,0.82,8
1151,69,55,,,4,30,2,57,1,20,2,4,2,4,4.82,0.024,5.24,0.061,0.12,0.017,99.3,0.3,82.42,3.32,12
1152,69,55,,,6,30,2,57,1,20,2,4,2,4,4.82,0.024,5.24,0.061,0.12,0.017,99.3,0.3,82.42,3.32,12
1153,69,55,,,4,30,2,62,1,20,2,4,2,4,4.8,0.035,4.87,0.045,0.13,0.018,100.1,0.4,85.48,1.12,12
1154,69,55,,,6,25,2,62,1,20,2,4,2,4,4.8,0.035,4.87,0.045,0.13,0.018,100.1,0.4,85.48,1.12,12
1155,69,55,,,4,30,2,67,1,20,2,4,2,4,4.87,0.022,4.45,0.034,0.2,0.021,98.4,0.2,91.61,1.39,12
1156,69,55,,,6,20,2,67,1,20,2,4,2,4,4.87,0.022,4.45,0.034,0.2,0.021,98.4,0.2,91.61,1.39,12
1157,69,55,,,4,30,2,72,1,20,2,4,2,4,4.91,0.026,4.29,0.032,0.26,0.012,101.3,0.5,93.71,2.73,12
1158,69,55,,,6,15,2,72,1,20,2,4,2,4,4.91,0.026,4.29,0.032,0.26,0.012,101.3,0.5,93.71,2.73,12
1159,69,55,,,4,30,2,77,1,20,2,4,2,4,4.87,0.031,4.17,0.047,0.31,0.015,99.6,0.4,98.33,1.64,12
1160,69,55,,,6,10,2,77,1,20,2,4,2,4,4.87,0.031,4.17,0.047,0.31,0.015,99.6,0.4,98.33,1.64,12
1161,69,55,,,4,30,2,82,1,20,2,4,2,4,4.79,0.013,4.02,0.036,0.41,0.025,99.1,0.6,91.3,3.23,12
1162,69,55,,,6,5,2,82,1,20,2,4,2,4,4.79,0.013,4.02,0.036,0.41,0.025,99.1,0.6,91.3,3.23,12
1163,70,50,,,26,50,1,100,,,2,3,2,2,0.3,,3,,,,95.3,,93.62,,10
1164,70,50,,,26,100,1,100,,,2,3,2,2,0.35,,3.5,,,,98.9,,92.35,,10
1165,70,50,,,28,50,,,,,2,3,2,2,0.4,,4,,,,90.2,,88.38,,10
1166,70,50,,,28,100,,,,,2,3,2,2,0.3,,3,,,,91.2,,84.6,,10
1167,70,50,,,26,50,1,100,,,2,3,2,2,0.4,,3,,,,94.6,,91.42,,10
1168,70,50,,,14,50,1,100,,,2,3,2,2,0.4,,3,,,,94.6,,91.42,,10
1169,70,50,,,28,50,1,100,,,2,3,2,2,0.35,,4,,,,97.2,,87.85,,10
1170,70,50,,,14,50,1,100,,,2,3,2,2,0.35,,4,,,,97.2,,87.85,,10
1171,31,10,,,4,20,,,1,20,5,4,1,2,1.89,0.1,6.3,0.14,0.32,0.14,99.22,,97.41,,12
1172,31,10,,,4,40,,,1,20,5,4,1,2,1.87,0.08,6.1,0.13,0.35,0.16,99.74,,98.05,,12
1173,31,10,,,4,60,,,1,20,5,4,1,2,1.9,0.07,6,0.12,0.29,0.2,98.21,,97.01,,12
1174,31,10,,,3,20,,,1,20,5,4,1,2,1.91,0.11,6.4,0.15,0.32,0.12,99.51,,98.21,,12
1175,31,10,,,3,40,,,1,20,5,4,1,2,1.88,0.08,6.1,0.13,0.34,0.21,99.01,,98.64,,12
1176,31,10,,,3,60,,,1,20,5,4,1,2,1.9,0.09,6.1,0.1,0.28,0.12,98.05,,98.37,,12
1177,31,10,,,5,20,,,1,20,5,4,1,2,1.91,0.11,6,0.15,0.31,0.15,99.34,,99.01,,12
1178,31,10,,,5,40,,,1,20,5,4,1,2,1.88,0.07,6.4,0.12,0.29,0.25,99.12,,99.06,,12
1179,31,10,,,5,60,,,1,20,5,4,1,2,1.87,0.09,6.2,0.1,0.3,0.17,99.14,,99.15,,12
1180,71,75.75,,,37,35,2,15,1,2.63,1,1.75,3,0.875,3.9,0.3,7.3,,0.18,,,,102.1,,12
1181,71,75.75,,,37,35,3,27.49,1,2.63,1,1.75,3,0.875,3.9,0.3,7.3,,0.18,,,,102.1,,12
1182,71,81.9,,,37,15,2,17,1,2.63,1,1.75,3,0.875,3.72,0.3,7,,0.19,,,,120.1,,12
1183,71,81.9,,,4,13.75,3,26.63,1,2.63,1,1.75,3,0.875,3.72,0.3,7,,0.19,,,,120.1,,12
1184,71,78.9,,,37,24,2,16,1,2.63,1,1.75,3,0.875,3.9,0.3,7.3,,0.23,,,,102.1,,12
1185,71,78.9,,,4,6.5,3,27.63,6,110,1,1.75,3,0.875,3.9,0.3,7.3,,0.23,,,,102.1,,12
1186,71,76.9,,,37,35,2,12,1,2.63,1,1.75,3,0.875,3.43,0.3,7.3,,0.2,,,,,,
1187,71,76.9,,,4,8.75,3,21.63,6,110,1,1.75,3,0.875,3.43,0.3,7.3,,0.2,,,,,,
1188,71,76.9,,,37,29,2,14,1,2.63,1,1.75,3,0.875,3.9,0.3,7.3,,0.12,,,,92.65,,12
1189,71,76.9,,,4,7.5,3,25.63,6,110,1,1.75,3,0.875,3.9,0.3,7.3,,0.12,,,,92.65,,12
1190,72,75,,,4,87,4,211,,,2,4,2,4,6.84,0.05,6.5,0.3,0.32,,98.23,,97.12,1.77,8
1191,72,75,,,4,232,4,66,,,2,4,2,4,6.76,0.06,6.6,0.5,0.19,,99.65,,78.86,3.57,12
1192,72,75,,,4,174,4,124,,,2,4,2,4,6.86,0.03,6.8,0.4,0.26,,99.12,,85.1,2.68,12
1193,72,75,,,4,131,4,167,,,2,4,2,4,6.76,0.04,6,0.5,0.33,,98.44,,97.57,2.4,12
1194,72,75,,,3,58,4,240,,,2,4,2,4,6.63,0.06,7,0.2,0.29,,99.23,,96.53,2.12,8
1195,72,75,,,3,174,4,124,,,2,4,2,4,6.65,0.06,6.8,0.4,0.22,,98.63,,77.62,2.27,12
1196,72,75,,,3,116,4,182,,,2,4,2,4,6.68,0.05,6.8,0.5,0.37,,99.65,,87.09,1.27,12
1197,72,75,,,3,87,4,211,,,2,4,2,4,6.55,0.25,5.9,0.2,0.23,,98.65,,96.82,3.19,12
1198,72,75,,,5,29,4,269,,,2,4,2,4,6.506,0.04,6.8,0.5,0.29,,98.45,,95.53,2.45,6
1199,72,75,,,5,116,4,182,,,2,4,2,4,6.62,0.07,6.5,0.3,0.37,,99.64,,77.99,2.77,12
1200,72,75,,,5,87,4,211,,,2,4,2,4,6.78,0.02,6.8,0.5,0.41,,98.12,,85.22,4.37,12
1201,72,75,,,5,70,4,228,,,2,4,2,4,6.6,0.04,6.7,0.2,0.24,,99.72,,99.81,2.87,12
1202,72,75,,,1,172,3,36,1,10,1,10,1,8,3.54,0.04,5.5,0.63,0.19,0.03,98.62,0.02,98.6,,5
1203,72,75,,,21,189,3,36,1,10,1,10,1,8,3.54,0.04,5.5,0.63,0.19,0.03,98.62,0.02,98.6,,5
1204,72,75,,,1,183,3,42,1,10,1,10,1,8,3.58,0.02,5.8,0.54,0.24,0.04,98.34,0.03,98.32,,7.5
1205,72,75,,,21,172,3,42,1,10,1,10,1,8,3.58,0.02,5.8,0.54,0.24,0.04,98.34,0.03,98.32,,7.5
1206,72,75,,,1,194,3,48,1,10,1,10,1,8,3.56,0.05,5.7,0.45,0.28,0.09,97.98,0.02,96.84,,8
1207,72,75,,,21,155,3,48,1,10,1,10,1,8,3.56,0.05,5.7,0.45,0.28,0.09,97.98,0.02,96.84,,8
1208,72,75,,,1,205,3,54,1,10,1,10,1,8,3.54,0.03,5.7,0.54,0.23,0.01,98.73,0.04,98.6,,6
1209,72,75,,,21,138,3,54,1,10,1,10,1,8,3.54,0.03,5.7,0.54,0.23,0.01,98.73,0.04,98.6,,6
1210,69,80,,,5,40,,,1,10,2,2,2,2,,,5.82,,0.63,,99.82,1.15,92.23,1.02,12
1211,69,80,,,5,80,,,1,10,2,2,2,2,,,5.91,,0.63,,98.81,0.8,88.51,0.76,12
1212,69,80,,,5,120,,,1,10,2,2,2,2,,,5.81,,0.58,,98.68,0.9,77.71,0.3,12
1213,69,80,,,5,80,3,20,1,10,2,2,2,2,,,5.92,,0.61,,99.41,1.03,99.8,0.9,12
1214,69,80,,,5,80,3,40,1,10,2,2,2,2,,,5.94,,0.62,,99.7,1.36,97.1,0.52,12
1215,69,80,,,5,80,3,60,1,10,2,2,2,2,,,5.8,,0.63,,97.98,1.37,96.75,0.16,12
